{
    "name": "Bezier_3_25",
    "N": 1,
    "x_ref": [
        0,
        1
    ],
    "y_ref": [
        0,
        -0.9230313918038618
    ],
    "curves": [
        {
            "type": "bezier",
            "d": 3,
            "x_ctr": [
                0.42551670338616465,
                0.7913813055962139
            ],
            "y_ctr": [
                -0.2682939743086139,
                -0.6565425484248043
            ]
        }
    ]
}