{
    "name": "Bezier_4_47",
    "N": 1,
    "x_ref": [
        0,
        1
    ],
    "y_ref": [
        0,
        1.3570865868515347
    ],
    "curves": [
        {
            "type": "bezier",
            "d": 4,
            "x_ctr": [
                -0.6107140473266299,
                -0.5498660274718097,
                0.39228387570241086
            ],
            "y_ctr": [
                0.32104638397424196,
                1.1573745589070128,
                1.3696690255015624
            ]
        }
    ]
}