{
    "name": "Bezier_4_24",
    "N": 1,
    "x_ref": [
        0,
        1
    ],
    "y_ref": [
        0,
        -0.70132905928734
    ],
    "curves": [
        {
            "type": "bezier",
            "d": 4,
            "x_ctr": [
                -0.48661528642238966,
                0.11506926896042574,
                0.8172351682663612
            ],
            "y_ctr": [
                -0.5931907980823735,
                -0.7608300851340837,
                -1.2530808452014428
            ]
        }
    ]
}