{
    "name": "Bezier_3_27",
    "N": 1,
    "x_ref": [
        0,
        1
    ],
    "y_ref": [
        0,
        0.8699960912314104
    ],
    "curves": [
        {
            "type": "bezier",
            "d": 3,
            "x_ctr": [
                -0.13313056122845937,
                0.6435662172745445
            ],
            "y_ctr": [
                -0.44157314371229495,
                0.9369924098494076
            ]
        }
    ]
}