{
    "name": "Bezier_5_11",
    "N": 1,
    "x_ref": [
        0,
        1
    ],
    "y_ref": [
        0,
        -0.8107609306580474
    ],
    "curves": [
        {
            "type": "bezier",
            "d": 5,
            "x_ctr": [
                -0.3521507774382637,
                -0.43499912629690346,
                1.3498083462571704,
                1.405373374393628
            ],
            "y_ctr": [
                -0.265401823244306,
                -1.2395916842931958,
                0.6691969921033907,
                -0.2122505194997567
            ]
        }
    ]
}