{
    "name": "Bezier_5_7",
    "N": 1,
    "x_ref": [
        0,
        1
    ],
    "y_ref": [
        0,
        -0.7469034167800852
    ],
    "curves": [
        {
            "type": "bezier",
            "d": 5,
            "x_ctr": [
                0.3953374230402542,
                -0.04346054719074821,
                0.27254781423804963,
                1.238474456579697
            ],
            "y_ctr": [
                0.010250157087660666,
                -0.8510310232487519,
                -0.5297964526030873,
                -0.5575157933237435
            ]
        }
    ]
}