{
    "name": "Bezier_4_9",
    "N": 1,
    "x_ref": [
        0,
        1
    ],
    "y_ref": [
        0,
        -0.7633705606145642
    ],
    "curves": [
        {
            "type": "bezier",
            "d": 4,
            "x_ctr": [
                -0.08958037881757724,
                -0.3432237414056005,
                0.9372505262645627
            ],
            "y_ctr": [
                -0.67196508765541,
                -1.2919631297487877,
                -0.7090571689909784
            ]
        }
    ]
}