{
    "name": "Bezier_5_18",
    "N": 1,
    "x_ref": [
        0,
        1
    ],
    "y_ref": [
        0,
        1.0601189595282485
    ],
    "curves": [
        {
            "type": "bezier",
            "d": 5,
            "x_ctr": [
                0.4997296311346977,
                0.03669172486847061,
                0.8108394403063713,
                1.1004653900385328
            ],
            "y_ctr": [
                -0.18798701368722226,
                1.0707609007394792,
                0.4023934309699485,
                0.7870001814671833
            ]
        }
    ]
}