{
    "name": "Bezier_5_2",
    "N": 1,
    "x_ref": [
        0,
        1
    ],
    "y_ref": [
        0,
        1.3078836521673902
    ],
    "curves": [
        {
            "type": "bezier",
            "d": 5,
            "x_ctr": [
                0.24232960068984716,
                1.5169165168423782,
                -0.3700944278019296,
                0.864619667832039
            ],
            "y_ctr": [
                0.31001801453513556,
                -0.4113566237535098,
                1.6430021860461463,
                1.371230945622497
            ]
        }
    ]
}