{
    "name": "Bezier_3_28",
    "N": 1,
    "x_ref": [
        0,
        1
    ],
    "y_ref": [
        0,
        0.9642666108340685
    ],
    "curves": [
        {
            "type": "bezier",
            "d": 3,
            "x_ctr": [
                -0.3847256853701816,
                -0.1837546154874668
            ],
            "y_ctr": [
                0.19620378872959265,
                1.0324727524520851
            ]
        }
    ]
}