{
    "name": "Bezier_4_17",
    "N": 1,
    "x_ref": [
        0,
        1
    ],
    "y_ref": [
        0,
        -0.48881920712635774
    ],
    "curves": [
        {
            "type": "bezier",
            "d": 4,
            "x_ctr": [
                0.5845035567957582,
                0.7077241192076422,
                0.9250750989109062
            ],
            "y_ctr": [
                0.579088697464479,
                0.4379268369479045,
                -0.7215815589421289
            ]
        }
    ]
}