{
    "name": "Bezier_5_22",
    "N": 1,
    "x_ref": [
        0,
        1
    ],
    "y_ref": [
        0,
        -0.35461912980062826
    ],
    "curves": [
        {
            "type": "bezier",
            "d": 5,
            "x_ctr": [
                0.30026769337225834,
                0.35996932605941684,
                0.5078452435169728,
                0.8221649248442298
            ],
            "y_ctr": [
                0.667372884924714,
                -0.09229895624875084,
                -0.1083593469742151,
                0.1336465666924103
            ]
        }
    ]
}