{
    "name": "Bezier_5_6",
    "N": 1,
    "x_ref": [
        0,
        1
    ],
    "y_ref": [
        0,
        0.11666391314563507
    ],
    "curves": [
        {
            "type": "bezier",
            "d": 5,
            "x_ctr": [
                -0.09332342610588489,
                0.4207976456217628,
                0.42183712155525555,
                1.1521938590907248
            ],
            "y_ctr": [
                -0.6408313332120987,
                0.227167914189574,
                0.8289314537091328,
                0.1250334482452418
            ]
        }
    ]
}