{
    "name": "Bezier_4_2",
    "N": 1,
    "x_ref": [
        0,
        1
    ],
    "y_ref": [
        0,
        1.2144880472521398
    ],
    "curves": [
        {
            "type": "bezier",
            "d": 4,
            "x_ctr": [
                0.2606674473991392,
                1.618735026311072,
                0.1567506011501154
            ],
            "y_ctr": [
                0.16093959180684392,
                -0.32287607782251393,
                1.2773346461968522
            ]
        }
    ]
}