{
    "name": "Bezier_3_5",
    "N": 1,
    "x_ref": [
        0,
        1
    ],
    "y_ref": [
        0,
        1.0402060513436395
    ],
    "curves": [
        {
            "type": "bezier",
            "d": 3,
            "x_ctr": [
                0.12851105096037818,
                1.580189987756306
            ],
            "y_ctr": [
                1.150133157927184,
                0.3866840286370318
            ]
        }
    ]
}