{
    "name": "Bezier_4_19",
    "N": 1,
    "x_ref": [
        0,
        1
    ],
    "y_ref": [
        0,
        0.05989409944664881
    ],
    "curves": [
        {
            "type": "bezier",
            "d": 4,
            "x_ctr": [
                0.25486889358909937,
                0.6268885142622045,
                1.1662150472198658
            ],
            "y_ctr": [
                0.7697474410335622,
                0.4619658195486546,
                0.2535398571889124
            ]
        }
    ]
}