{
    "name": "Bezier_3_26",
    "N": 1,
    "x_ref": [
        0,
        1
    ],
    "y_ref": [
        0,
        0.627160407774769
    ],
    "curves": [
        {
            "type": "bezier",
            "d": 3,
            "x_ctr": [
                0.09036148304478345,
                0.8992392237905819
            ],
            "y_ctr": [
                0.4861338923137049,
                1.168760908644585
            ]
        }
    ]
}