{
    "name": "Bezier_5_16",
    "N": 1,
    "x_ref": [
        0,
        1
    ],
    "y_ref": [
        0,
        1.138012358797698
    ],
    "curves": [
        {
            "type": "bezier",
            "d": 5,
            "x_ctr": [
                0.1081775972318903,
                1.3165310246585848,
                -0.10201610057199906,
                1.024145046358616
            ],
            "y_ctr": [
                -0.47736095664790523,
                -0.14658564643713767,
                1.1475810854600987,
                1.2300748240233887
            ]
        }
    ]
}