{
    "name": "Bezier_3_4",
    "N": 1,
    "x_ref": [
        0,
        1
    ],
    "y_ref": [
        0,
        -0.336218005486294
    ],
    "curves": [
        {
            "type": "bezier",
            "d": 3,
            "x_ctr": [
                0.4238278463029296,
                0.7621168961816123
            ],
            "y_ctr": [
                0.02024149575317588,
                -0.06923560847087523
            ]
        }
    ]
}