{
    "name": "Bezier_5_21",
    "N": 1,
    "x_ref": [
        0,
        1
    ],
    "y_ref": [
        0,
        -0.5087219189800187
    ],
    "curves": [
        {
            "type": "bezier",
            "d": 5,
            "x_ctr": [
                0.0614384819231857,
                0.18622538692013935,
                0.6782094453035364,
                1.2613965466817292
            ],
            "y_ctr": [
                0.10495486248143548,
                -0.8634474669875701,
                0.04774939753893087,
                0.1358113074905235
            ]
        }
    ]
}