{
    "name": "Bezier_4_29",
    "N": 1,
    "x_ref": [
        0,
        1
    ],
    "y_ref": [
        0,
        -0.0864931166384999
    ],
    "curves": [
        {
            "type": "bezier",
            "d": 4,
            "x_ctr": [
                -0.08615930821651405,
                0.691920726891982,
                1.2630756620061632
            ],
            "y_ctr": [
                0.3352455783090328,
                1.1773854675762445,
                0.6552221732744771
            ]
        }
    ]
}