{
    "name": "Bezier_5_4",
    "N": 1,
    "x_ref": [
        0,
        1
    ],
    "y_ref": [
        0,
        0.6129286765985071
    ],
    "curves": [
        {
            "type": "bezier",
            "d": 5,
            "x_ctr": [
                0.18356622893114152,
                0.6536158553560312,
                0.7235892049880686,
                0.8577909012652278
            ],
            "y_ctr": [
                -0.5645303858479005,
                -0.24050268111751358,
                0.25962813661207806,
                1.225411593214044
            ]
        }
    ]
}