{
    "name": "Bezier_3_24",
    "N": 1,
    "x_ref": [
        0,
        1
    ],
    "y_ref": [
        0,
        1.2688012820845356
    ],
    "curves": [
        {
            "type": "bezier",
            "d": 3,
            "x_ctr": [
                0.4039026461821863,
                0.3836462589522013
            ],
            "y_ctr": [
                0.21407154459039293,
                0.8864743525771696
            ]
        }
    ]
}