{
    "name": "Bezier_4_34",
    "N": 1,
    "x_ref": [
        0,
        1
    ],
    "y_ref": [
        0,
        0.8825448008632959
    ],
    "curves": [
        {
            "type": "bezier",
            "d": 4,
            "x_ctr": [
                0.48061691342037766,
                1.1121652064400416,
                0.6937252679753446
            ],
            "y_ctr": [
                -0.2524132746357537,
                -0.10811746997181326,
                0.9576505057849579
            ]
        }
    ]
}