{
    "name": "Bezier_3_6",
    "N": 1,
    "x_ref": [
        0,
        1
    ],
    "y_ref": [
        0,
        -1.390747379741538
    ],
    "curves": [
        {
            "type": "bezier",
            "d": 3,
            "x_ctr": [
                0.02940423746779902,
                0.6555404915435431
            ],
            "y_ctr": [
                -1.054660583093582,
                -1.4746456561341876
            ]
        }
    ]
}