{
    "name": "Bezier_5_17",
    "N": 1,
    "x_ref": [
        0,
        1
    ],
    "y_ref": [
        0,
        -1.2791981847371923
    ],
    "curves": [
        {
            "type": "bezier",
            "d": 5,
            "x_ctr": [
                0.4234937848817789,
                0.6466562046640633,
                0.9050126342344158,
                0.6858608421048397
            ],
            "y_ctr": [
                0.4477127310991752,
                -0.332472136168794,
                -0.13537811837011476,
                -1.359485806043022
            ]
        }
    ]
}