{
    "name": "Bezier_5_5",
    "N": 1,
    "x_ref": [
        0,
        1
    ],
    "y_ref": [
        0,
        -1.1500786187463974
    ],
    "curves": [
        {
            "type": "bezier",
            "d": 5,
            "x_ctr": [
                0.5897982786412211,
                -0.6480139312653531,
                -0.29183003156652176,
                0.19534927788613887
            ],
            "y_ctr": [
                0.5372547454536295,
                -1.3351876337224562,
                -1.4492571250424704,
                -1.1812146952752396
            ]
        }
    ]
}