{
    "name": "Bezier_5_0",
    "N": 1,
    "x_ref": [
        0,
        1
    ],
    "y_ref": [
        0,
        -0.1844020211624553
    ],
    "curves": [
        {
            "type": "bezier",
            "d": 5,
            "x_ctr": [
                0.383594834247518,
                0.5761482494913045,
                0.4804931046509615,
                0.8139419133942857
            ],
            "y_ctr": [
                0.4229866379293355,
                -0.48814590607057046,
                -1.008469453653313,
                0.3419621081484908
            ]
        }
    ]
}