{
    "name": "Bezier_4_37",
    "N": 1,
    "x_ref": [
        0,
        1
    ],
    "y_ref": [
        0,
        -1.3715674047266693
    ],
    "curves": [
        {
            "type": "bezier",
            "d": 4,
            "x_ctr": [
                -0.3092533646901908,
                1.641588383124269,
                0.6795664892097079
            ],
            "y_ctr": [
                -0.186104664639887,
                0.2387084879118091,
                -1.01972388354103
            ]
        }
    ]
}