{
    "name": "Bezier_4_5",
    "N": 1,
    "x_ref": [
        0,
        1
    ],
    "y_ref": [
        0,
        0.5948541253100541
    ],
    "curves": [
        {
            "type": "bezier",
            "d": 4,
            "x_ctr": [
                -0.2463513642314738,
                0.8539227982635207,
                0.7980182468338591
            ],
            "y_ctr": [
                0.5259396021675282,
                -0.6616469086839089,
                0.28933511417366464
            ]
        }
    ]
}