{
    "name": "Bezier_5_3",
    "N": 1,
    "x_ref": [
        0,
        1
    ],
    "y_ref": [
        0,
        0.07843895332102324
    ],
    "curves": [
        {
            "type": "bezier",
            "d": 5,
            "x_ctr": [
                0.0395082118363951,
                0.2610583937296932,
                0.349606628666592,
                1.1073448577095997
            ],
            "y_ctr": [
                -0.09598310968588025,
                1.0730575057326943,
                1.0720809130148024,
                0.34629344379788013
            ]
        }
    ]
}