{
    "name": "Bezier_3_1",
    "N": 1,
    "x_ref": [
        0,
        1
    ],
    "y_ref": [
        0,
        0.3508082493820943
    ],
    "curves": [
        {
            "type": "bezier",
            "d": 3,
            "x_ctr": [
                -0.19371581525249176,
                0.7421556657237605
            ],
            "y_ctr": [
                0.7905397407056305,
                0.9748775982248878
            ]
        }
    ]
}