{
    "name": "Bezier_4_0",
    "N": 1,
    "x_ref": [
        0,
        1
    ],
    "y_ref": [
        0,
        0.660063802277953
    ],
    "curves": [
        {
            "type": "bezier",
            "d": 4,
            "x_ctr": [
                0.31564230905591883,
                0.4305067108775394,
                0.4823874297947093
            ],
            "y_ctr": [
                -0.2561872111771306,
                0.1758693617151208,
                1.012940191693104
            ]
        }
    ]
}