{
    "name": "Bezier_4_27",
    "N": 1,
    "x_ref": [
        0,
        1
    ],
    "y_ref": [
        0,
        0.2140085144476347
    ],
    "curves": [
        {
            "type": "bezier",
            "d": 4,
            "x_ctr": [
                0.3857929540418199,
                0.1529324242302601,
                0.9424857152844688
            ],
            "y_ctr": [
                -0.21712068159499948,
                1.4740960585636387,
                0.8310386437659669
            ]
        }
    ]
}