{
    "name": "Bezier_5_20",
    "N": 1,
    "x_ref": [
        0,
        1
    ],
    "y_ref": [
        0,
        0.8319933485110109
    ],
    "curves": [
        {
            "type": "bezier",
            "d": 5,
            "x_ctr": [
                -0.0725320891791883,
                -0.4057584315725633,
                0.8514294827125355,
                1.3261544526150828
            ],
            "y_ctr": [
                0.3564816786203624,
                1.4099768025605834,
                0.10984510893190719,
                0.6186473200229119
            ]
        }
    ]
}