{
    "name": "Bezier_3_0",
    "N": 1,
    "x_ref": [
        0,
        1
    ],
    "y_ref": [
        0,
        1.4835629287897527
    ],
    "curves": [
        {
            "type": "bezier",
            "d": 3,
            "x_ctr": [
                1.569731495587872,
                0.9978635626038529
            ],
            "y_ctr": [
                0.596642863211795,
                1.1224979387966902
            ]
        }
    ]
}