{
    "name": "Bezier_3_21",
    "N": 1,
    "x_ref": [
        0,
        1
    ],
    "y_ref": [
        0,
        0.1543176663998005
    ],
    "curves": [
        {
            "type": "bezier",
            "d": 3,
            "x_ctr": [
                -0.14601480672846084,
                0.7489945843653183
            ],
            "y_ctr": [
                0.6510624200815882,
                -0.23502001500119205
            ]
        }
    ]
}