{
    "name": "Bezier_5_13",
    "N": 1,
    "x_ref": [
        0,
        1
    ],
    "y_ref": [
        0,
        0.937716137947
    ],
    "curves": [
        {
            "type": "bezier",
            "d": 5,
            "x_ctr": [
                0.7361898488739483,
                0.5250531627764614,
                0.65893835577209,
                0.9915682979229997
            ],
            "y_ctr": [
                -0.3347823084917839,
                0.14577613487104177,
                0.506747441943275,
                0.716688617634748
            ]
        }
    ]
}