{
    "name": "Bezier_4_25",
    "N": 1,
    "x_ref": [
        0,
        1
    ],
    "y_ref": [
        0,
        -0.2307519611503115
    ],
    "curves": [
        {
            "type": "bezier",
            "d": 4,
            "x_ctr": [
                -0.26194466476563516,
                0.6764006141888894,
                1.0357993201851423
            ],
            "y_ctr": [
                -0.7359144786887389,
                0.03736039906976574,
                -0.3287735090120332
            ]
        }
    ]
}