{
    "name": "Bezier_5_26",
    "N": 1,
    "x_ref": [
        0,
        1
    ],
    "y_ref": [
        0,
        0.7065615225842774
    ],
    "curves": [
        {
            "type": "bezier",
            "d": 5,
            "x_ctr": [
                -0.11013710624166745,
                0.45976232927734856,
                -0.04567701091243981,
                0.5499101096995913
            ],
            "y_ctr": [
                0.7350639102160806,
                0.18168984819662443,
                1.3489226951114954,
                0.9748475293840957
            ]
        }
    ]
}