{
    "name": "Bezier_5_25",
    "N": 1,
    "x_ref": [
        0,
        1
    ],
    "y_ref": [
        0,
        1.4524688170966544
    ],
    "curves": [
        {
            "type": "bezier",
            "d": 5,
            "x_ctr": [
                -0.16686443051972857,
                0.013230234356983839,
                1.6401631709234759,
                0.7310886849598667
            ],
            "y_ctr": [
                0.04558879361898593,
                0.892302168702146,
                0.049864942616635544,
                1.188400027017847
            ]
        }
    ]
}