{
    "name": "Bezier_3_8",
    "N": 1,
    "x_ref": [
        0,
        1
    ],
    "y_ref": [
        0,
        -1.2153448063539434
    ],
    "curves": [
        {
            "type": "bezier",
            "d": 3,
            "x_ctr": [
                -0.8279134767425548,
                0.39164726684532347
            ],
            "y_ctr": [
                -0.23328731721630297,
                -1.9642863840519698
            ]
        }
    ]
}