{
    "name": "Bezier_4_13",
    "N": 1,
    "x_ref": [
        0,
        1
    ],
    "y_ref": [
        0,
        0.5125517414617682
    ],
    "curves": [
        {
            "type": "bezier",
            "d": 4,
            "x_ctr": [
                0.41946280566669303,
                0.7023384734634549,
                0.523313365848418
            ],
            "y_ctr": [
                -0.37774170903141924,
                -0.035571907462999486,
                1.0046541537314773
            ]
        }
    ]
}