{
    "name": "Bezier_3_3",
    "N": 1,
    "x_ref": [
        0,
        1
    ],
    "y_ref": [
        0,
        1.3314551670409465
    ],
    "curves": [
        {
            "type": "bezier",
            "d": 3,
            "x_ctr": [
                -0.05606009091355621,
                -0.4789077363718704
            ],
            "y_ctr": [
                -0.2723983053161987,
                0.9873536360335724
            ]
        }
    ]
}