{
    "name": "Bezier_4_3",
    "N": 1,
    "x_ref": [
        0,
        1
    ],
    "y_ref": [
        0,
        0.08891544292529963
    ],
    "curves": [
        {
            "type": "bezier",
            "d": 4,
            "x_ctr": [
                -0.11485229871029048,
                0.5285085982673536,
                1.0716944944162154
            ],
            "y_ctr": [
                0.40403529246226333,
                -0.5767386599519411,
                0.5607024881060337
            ]
        }
    ]
}