{
    "name": "Bezier_3_7",
    "N": 1,
    "x_ref": [
        0,
        1
    ],
    "y_ref": [
        0,
        -0.07546294622045524
    ],
    "curves": [
        {
            "type": "bezier",
            "d": 3,
            "x_ctr": [
                -0.20248140452393468,
                0.06596931048139264
            ],
            "y_ctr": [
                -0.3403219127979972,
                0.6070214281080605
            ]
        }
    ]
}