{
    "name": "Bezier_4_49",
    "N": 1,
    "x_ref": [
        0,
        1
    ],
    "y_ref": [
        0,
        0.9761326113023312
    ],
    "curves": [
        {
            "type": "bezier",
            "d": 4,
            "x_ctr": [
                -0.5752187305153011,
                1.0125834025563039,
                0.9976006934067371
            ],
            "y_ctr": [
                0.3078896155935653,
                -0.059783533542929146,
                1.1770011462818233
            ]
        }
    ]
}