{
    "name": "Bezier_3_23",
    "N": 1,
    "x_ref": [
        0,
        1
    ],
    "y_ref": [
        0,
        -0.43190682776796097
    ],
    "curves": [
        {
            "type": "bezier",
            "d": 3,
            "x_ctr": [
                1.098883757612018,
                1.588931245593207
            ],
            "y_ctr": [
                -0.18956612806409104,
                0.15486104177112214
            ]
        }
    ]
}