{
    "name": "Bezier_4_12",
    "N": 1,
    "x_ref": [
        0,
        1
    ],
    "y_ref": [
        0,
        1.199540969797897
    ],
    "curves": [
        {
            "type": "bezier",
            "d": 4,
            "x_ctr": [
                0.4441635367161352,
                0.644090413048506,
                0.5844741754304796
            ],
            "y_ctr": [
                -0.18458004046878518,
                0.3310187508030491,
                1.3010284995133667
            ]
        }
    ]
}