{
    "name": "Bezier_5_19",
    "N": 1,
    "x_ref": [
        0,
        1
    ],
    "y_ref": [
        0,
        -0.2400386022448613
    ],
    "curves": [
        {
            "type": "bezier",
            "d": 5,
            "x_ctr": [
                0.148355021637908,
                0.6226542570512393,
                0.5295681159630459,
                0.9174774869629794
            ],
            "y_ctr": [
                -0.2306054985863212,
                0.8477053092737806,
                0.12833442350166485,
                0.5489878126754839
            ]
        }
    ]
}