{
    "name": "Bezier_3_17",
    "N": 1,
    "x_ref": [
        0,
        1
    ],
    "y_ref": [
        0,
        0.21372948953386794
    ],
    "curves": [
        {
            "type": "bezier",
            "d": 3,
            "x_ctr": [
                0.0676862126783791,
                0.09948296752117337
            ],
            "y_ctr": [
                -0.28606741150126,
                0.6308851020115016
            ]
        }
    ]
}