{
    "name": "Bezier_3_10",
    "N": 1,
    "x_ref": [
        0,
        1
    ],
    "y_ref": [
        0,
        -0.16381495341940622
    ],
    "curves": [
        {
            "type": "bezier",
            "d": 3,
            "x_ctr": [
                -0.13084692701330125,
                0.9623782489978384
            ],
            "y_ctr": [
                0.5860527417473407,
                -0.7182938735649536
            ]
        }
    ]
}