{
    "name": "Bezier_5_1",
    "N": 1,
    "x_ref": [
        0,
        1
    ],
    "y_ref": [
        0,
        -0.08766364124606252
    ],
    "curves": [
        {
            "type": "bezier",
            "d": 5,
            "x_ctr": [
                0.08431223541579644,
                0.5728744562339669,
                0.5445055535674547,
                1.1290810278105685
            ],
            "y_ctr": [
                -0.37720464447963187,
                1.3989441229029989,
                0.4581019003629654,
                0.2298361090928016
            ]
        }
    ]
}