{
    "name": "Bezier_4_1",
    "N": 1,
    "x_ref": [
        0,
        1
    ],
    "y_ref": [
        0,
        1.422661939703136
    ],
    "curves": [
        {
            "type": "bezier",
            "d": 4,
            "x_ctr": [
                0.2418244149822204,
                -0.7364532645215374,
                1.4401401178617863
            ],
            "y_ctr": [
                0.3325749217764384,
                1.2298185782164408,
                0.9529305088422734
            ]
        }
    ]
}