{
    "name": "Bezier_4_10",
    "N": 1,
    "x_ref": [
        0,
        1
    ],
    "y_ref": [
        0,
        -1.1559660746378282
    ],
    "curves": [
        {
            "type": "bezier",
            "d": 4,
            "x_ctr": [
                0.11876867238189386,
                -0.06236535094775797,
                0.8277783289993563
            ],
            "y_ctr": [
                -0.1237244918453095,
                -1.29434601617405,
                -1.398051202813495
            ]
        }
    ]
}