{
    "name": "Bezier_5_9",
    "N": 1,
    "x_ref": [
        0,
        1
    ],
    "y_ref": [
        0,
        0.2213145500936895
    ],
    "curves": [
        {
            "type": "bezier",
            "d": 5,
            "x_ctr": [
                -0.03061138607588862,
                0.5432673890422732,
                0.4295481663138284,
                1.0702380183834255
            ],
            "y_ctr": [
                0.5514493335384497,
                0.10322248825245772,
                1.0282522795818863,
                0.022672030827221024
            ]
        }
    ]
}