{
    "name": "Bezier_4_16",
    "N": 1,
    "x_ref": [
        0,
        1
    ],
    "y_ref": [
        0,
        -1.0587779395729446
    ],
    "curves": [
        {
            "type": "bezier",
            "d": 4,
            "x_ctr": [
                -0.1910241995309149,
                0.2136006140444226,
                0.4988340439282347
            ],
            "y_ctr": [
                -0.20308650273306555,
                -0.9856931293632254,
                -1.5738444884244915
            ]
        }
    ]
}