{
    "name": "Bezier_3_16",
    "N": 1,
    "x_ref": [
        0,
        1
    ],
    "y_ref": [
        0,
        0.5352882433108466
    ],
    "curves": [
        {
            "type": "bezier",
            "d": 3,
            "x_ctr": [
                0.77514276779237,
                1.0117581265517643
            ],
            "y_ctr": [
                1.4606675224503225,
                1.0522051478571748
            ]
        }
    ]
}