{
    "name": "Bezier_4_38",
    "N": 1,
    "x_ref": [
        0,
        1
    ],
    "y_ref": [
        0,
        -0.8059666792011224
    ],
    "curves": [
        {
            "type": "bezier",
            "d": 4,
            "x_ctr": [
                -0.3704397546089586,
                0.5109720886194219,
                0.6945911649613605
            ],
            "y_ctr": [
                -0.13459881535793222,
                -0.5899739511046272,
                -0.975841298213818
            ]
        }
    ]
}