{
    "name": "Bezier_4_28",
    "N": 1,
    "x_ref": [
        0,
        1
    ],
    "y_ref": [
        0,
        -0.12341628416639772
    ],
    "curves": [
        {
            "type": "bezier",
            "d": 4,
            "x_ctr": [
                0.2299757197568921,
                0.25333641301630455,
                0.7733527522172952
            ],
            "y_ctr": [
                0.5307643735475476,
                -1.4260259741911072,
                -0.7778415253607924
            ]
        }
    ]
}