{
    "name": "Bezier_4_11",
    "N": 1,
    "x_ref": [
        0,
        1
    ],
    "y_ref": [
        0,
        -0.4725820228373585
    ],
    "curves": [
        {
            "type": "bezier",
            "d": 4,
            "x_ctr": [
                0.5307942950865784,
                0.8233947213777488,
                1.2371646912241014
            ],
            "y_ctr": [
                0.4625928526263767,
                0.802559562135586,
                0.032525980665510656
            ]
        }
    ]
}