{
    "name": "Bezier_3_18",
    "N": 1,
    "x_ref": [
        0,
        1
    ],
    "y_ref": [
        0,
        -1.1259773391100847
    ],
    "curves": [
        {
            "type": "bezier",
            "d": 3,
            "x_ctr": [
                -0.27595681107548226,
                1.0475219637373279
            ],
            "y_ctr": [
                -0.3658011768965526,
                -1.4311791071870346
            ]
        }
    ]
}