{
    "name": "Bezier_4_35",
    "N": 1,
    "x_ref": [
        0,
        1
    ],
    "y_ref": [
        0,
        -0.9790678378570188
    ],
    "curves": [
        {
            "type": "bezier",
            "d": 4,
            "x_ctr": [
                0.35492335457654617,
                0.5182876192910861,
                0.5280624993252037
            ],
            "y_ctr": [
                0.3591592696469732,
                -0.40227376403341814,
                -1.1366651897466076
            ]
        }
    ]
}