{
    "name": "Bezier_4_26",
    "N": 1,
    "x_ref": [
        0,
        1
    ],
    "y_ref": [
        0,
        0.6435923925479745
    ],
    "curves": [
        {
            "type": "bezier",
            "d": 4,
            "x_ctr": [
                0.6003028649390143,
                -0.06978144568934341,
                0.8275516919087971
            ],
            "y_ctr": [
                -0.47263793880895777,
                1.3264533019895812,
                0.416207580951027
            ]
        }
    ]
}