{
    "name": "Bezier_4_18",
    "N": 1,
    "x_ref": [
        0,
        1
    ],
    "y_ref": [
        0,
        0.7733942644285352
    ],
    "curves": [
        {
            "type": "bezier",
            "d": 4,
            "x_ctr": [
                0.2330531645911773,
                1.4350199546924811,
                1.2273788046072749
            ],
            "y_ctr": [
                -0.5118786592974315,
                -0.5727667258084037,
                0.30397408355318506
            ]
        }
    ]
}