{
    "name": "Bezier_4_4",
    "N": 1,
    "x_ref": [
        0,
        1
    ],
    "y_ref": [
        0,
        -0.6595196321618486
    ],
    "curves": [
        {
            "type": "bezier",
            "d": 4,
            "x_ctr": [
                0.40937242569377125,
                0.5288166331480494,
                1.1229548396445233
            ],
            "y_ctr": [
                0.26427346660586226,
                -0.003361202148349701,
                -0.6572623116076833
            ]
        }
    ]
}