{
    "name": "Bezier_4_30",
    "N": 1,
    "x_ref": [
        0,
        1
    ],
    "y_ref": [
        0,
        0.35104324612642857
    ],
    "curves": [
        {
            "type": "bezier",
            "d": 4,
            "x_ctr": [
                -0.08173964361006353,
                0.3793898577661198,
                1.0652219514239436
            ],
            "y_ctr": [
                0.4523636662312763,
                0.713920976744281,
                -0.44076919283464183
            ]
        }
    ]
}