{
    "name": "Bezier_4_46",
    "N": 1,
    "x_ref": [
        0,
        1
    ],
    "y_ref": [
        0,
        -1.3191808506375589
    ],
    "curves": [
        {
            "type": "bezier",
            "d": 4,
            "x_ctr": [
                0.378552090379523,
                0.952483988308037,
                0.9456476917706731
            ],
            "y_ctr": [
                0.6953001596984321,
                -0.06131369999030478,
                -1.5989039080650589
            ]
        }
    ]
}