{
    "name": "Bezier_4_22",
    "N": 1,
    "x_ref": [
        0,
        1
    ],
    "y_ref": [
        0,
        0.9164222995341378
    ],
    "curves": [
        {
            "type": "bezier",
            "d": 4,
            "x_ctr": [
                0.13686020117899017,
                0.9138004863518334,
                1.2664971357689763
            ],
            "y_ctr": [
                -0.09253082622322154,
                0.23395083330947924,
                0.43613547234481737
            ]
        }
    ]
}