{
    "name": "Bezier_5_24",
    "N": 1,
    "x_ref": [
        0,
        1
    ],
    "y_ref": [
        0,
        -1.4052894558937417
    ],
    "curves": [
        {
            "type": "bezier",
            "d": 5,
            "x_ctr": [
                -0.6875614304367742,
                1.4682824982673124,
                -0.2382726226711961,
                1.0454873481870914
            ],
            "y_ctr": [
                -0.20556425893712615,
                0.16073614813006099,
                -1.0910451353289912,
                -1.1149333081364912
            ]
        }
    ]
}