{
    "name": "Bezier_5_28",
    "N": 1,
    "x_ref": [
        0,
        1
    ],
    "y_ref": [
        0,
        -0.45887810781506166
    ],
    "curves": [
        {
            "type": "bezier",
            "d": 5,
            "x_ctr": [
                0.3410978387181606,
                1.0997914784142566,
                0.17177020559314582,
                0.4310552630117049
            ],
            "y_ctr": [
                0.26454313174108146,
                0.7757460712629205,
                -1.255862003675873,
                -1.0599976446532324
            ]
        }
    ]
}