{
    "name": "Bezier_5_12",
    "N": 1,
    "x_ref": [
        0,
        1
    ],
    "y_ref": [
        0,
        -1.3105481482354921
    ],
    "curves": [
        {
            "type": "bezier",
            "d": 5,
            "x_ctr": [
                -0.4044045415802166,
                -0.20661934033403317,
                0.8819784698586117,
                0.49940588500815153
            ],
            "y_ctr": [
                -0.6658206213262947,
                -1.2609018339379587,
                -0.436209492786578,
                -1.3590686714013578
            ]
        }
    ]
}