{
    "name": "Bezier_4_45",
    "N": 1,
    "x_ref": [
        0,
        1
    ],
    "y_ref": [
        0,
        0.168991492284972
    ],
    "curves": [
        {
            "type": "bezier",
            "d": 4,
            "x_ctr": [
                0.09860729408948585,
                0.7205265927419977,
                1.0441451060956666
            ],
            "y_ctr": [
                -0.6969175522769933,
                -1.0254539752646228,
                0.3820412191962881
            ]
        }
    ]
}