{
    "name": "Bezier_4_32",
    "N": 1,
    "x_ref": [
        0,
        1
    ],
    "y_ref": [
        0,
        -1.4568621560952615
    ],
    "curves": [
        {
            "type": "bezier",
            "d": 4,
            "x_ctr": [
                -0.2488683078169715,
                0.6451806134224756,
                0.05732646886824899
            ],
            "y_ctr": [
                -0.8195169536071749,
                -0.706778257370811,
                -1.4345688496045317
            ]
        }
    ]
}