{
    "name": "Bezier_3_14",
    "N": 1,
    "x_ref": [
        0,
        1
    ],
    "y_ref": [
        0,
        -0.5283530053334159
    ],
    "curves": [
        {
            "type": "bezier",
            "d": 3,
            "x_ctr": [
                -0.27570129892153195,
                0.4212435146183627
            ],
            "y_ctr": [
                -0.863062392685187,
                -0.6981451464843598
            ]
        }
    ]
}