{
    "name": "Bezier_4_21",
    "N": 1,
    "x_ref": [
        0,
        1
    ],
    "y_ref": [
        0,
        -0.9006065796257283
    ],
    "curves": [
        {
            "type": "bezier",
            "d": 4,
            "x_ctr": [
                0.4353870752978868,
                -0.35487283311939405,
                0.8504404808657375
            ],
            "y_ctr": [
                -0.1522607986861496,
                -1.2149926532066617,
                -1.3197460494509334
            ]
        }
    ]
}