{
    "name": "Bezier_4_43",
    "N": 1,
    "x_ref": [
        0,
        1
    ],
    "y_ref": [
        0,
        0.448050843452634
    ],
    "curves": [
        {
            "type": "bezier",
            "d": 4,
            "x_ctr": [
                -0.03611428864167024,
                1.0322581628121164,
                0.5665021176980382
            ],
            "y_ctr": [
                -0.06540292045140603,
                -0.9241374288268343,
                0.7170880909860179
            ]
        }
    ]
}