{
    "name": "Bezier_4_31",
    "N": 1,
    "x_ref": [
        0,
        1
    ],
    "y_ref": [
        0,
        -0.5426989857457714
    ],
    "curves": [
        {
            "type": "bezier",
            "d": 4,
            "x_ctr": [
                0.314845802355788,
                0.7115352697976163,
                0.8670305681127775
            ],
            "y_ctr": [
                0.09978761797675843,
                0.060373474151014905,
                -0.768845313018578
            ]
        }
    ]
}