{
    "name": "Bezier_3_15",
    "N": 1,
    "x_ref": [
        0,
        1
    ],
    "y_ref": [
        0,
        -0.8570829522667596
    ],
    "curves": [
        {
            "type": "bezier",
            "d": 3,
            "x_ctr": [
                -0.29065131614323514,
                0.5300987586953488
            ],
            "y_ctr": [
                -0.6647047441979679,
                0.003675949780115817
            ]
        }
    ]
}