{
    "name": "Bezier_3_20",
    "N": 1,
    "x_ref": [
        0,
        1
    ],
    "y_ref": [
        0,
        0.407360168787096
    ],
    "curves": [
        {
            "type": "bezier",
            "d": 3,
            "x_ctr": [
                0.016855661811554686,
                0.6432234263859378
            ],
            "y_ctr": [
                0.00278751372752194,
                -0.2876472061037567
            ]
        }
    ]
}