{
    "name": "Bezier_4_6",
    "N": 1,
    "x_ref": [
        0,
        1
    ],
    "y_ref": [
        0,
        0.8036620794060161
    ],
    "curves": [
        {
            "type": "bezier",
            "d": 4,
            "x_ctr": [
                0.5548961242097576,
                1.1257902556973027,
                0.8909391121880554
            ],
            "y_ctr": [
                -0.10784723852046671,
                -0.41624439707983174,
                0.25866454494423896
            ]
        }
    ]
}