{
    "name": "Bezier_5_29",
    "N": 1,
    "x_ref": [
        0,
        1
    ],
    "y_ref": [
        0,
        -1.0140639858256757
    ],
    "curves": [
        {
            "type": "bezier",
            "d": 5,
            "x_ctr": [
                -0.3665599578484483,
                0.9841989607319367,
                1.6740361828514565,
                0.7977718703482798
            ],
            "y_ctr": [
                -0.04096241827672403,
                0.2348067655714297,
                0.386171182177127,
                -0.9191639912464507
            ]
        }
    ]
}