{
    "name": "Bezier_3_29",
    "N": 1,
    "x_ref": [
        0,
        1
    ],
    "y_ref": [
        0,
        0.08240858360325953
    ],
    "curves": [
        {
            "type": "bezier",
            "d": 3,
            "x_ctr": [
                0.0351035078745299,
                0.5918785714473903
            ],
            "y_ctr": [
                0.5359825576026164,
                0.04768069253277462
            ]
        }
    ]
}