{
    "name": "Bezier_4_40",
    "N": 1,
    "x_ref": [
        0,
        1
    ],
    "y_ref": [
        0,
        -1.3978198206640073
    ],
    "curves": [
        {
            "type": "bezier",
            "d": 4,
            "x_ctr": [
                -0.38468308622575714,
                1.1162032412443037,
                1.1696506018385229
            ],
            "y_ctr": [
                -0.5548778977724542,
                0.05682698108446821,
                -1.662528515411661
            ]
        }
    ]
}