{
    "name": "Bezier_3_11",
    "N": 1,
    "x_ref": [
        0,
        1
    ],
    "y_ref": [
        0,
        -0.2597164277361259
    ],
    "curves": [
        {
            "type": "bezier",
            "d": 3,
            "x_ctr": [
                1.033601752678847,
                1.2549652835912941
            ],
            "y_ctr": [
                0.7063622115044103,
                0.5575487900902372
            ]
        }
    ]
}