{
    "name": "Bezier_3_13",
    "N": 1,
    "x_ref": [
        0,
        1
    ],
    "y_ref": [
        0,
        0.7856268036161769
    ],
    "curves": [
        {
            "type": "bezier",
            "d": 3,
            "x_ctr": [
                0.7155710247060977,
                1.47010299307264
            ],
            "y_ctr": [
                0.9849607145155688,
                0.38293352061700514
            ]
        }
    ]
}