{
    "name": "Bezier_4_44",
    "N": 1,
    "x_ref": [
        0,
        1
    ],
    "y_ref": [
        0,
        -0.04228020903885232
    ],
    "curves": [
        {
            "type": "bezier",
            "d": 4,
            "x_ctr": [
                -0.16045279727078948,
                0.6112103173543321,
                1.0310784812862586
            ],
            "y_ctr": [
                0.3039571250949784,
                0.7946844442151533,
                0.31092249425403873
            ]
        }
    ]
}