{
    "name": "Bezier_4_15",
    "N": 1,
    "x_ref": [
        0,
        1
    ],
    "y_ref": [
        0,
        0.3641549713181167
    ],
    "curves": [
        {
            "type": "bezier",
            "d": 4,
            "x_ctr": [
                -0.1816505293246324,
                0.6053839290213322,
                0.8589382457866033
            ],
            "y_ctr": [
                0.02633937214491293,
                -0.1938868899165921,
                0.5842082291631951
            ]
        }
    ]
}