{
    "name": "Bezier_3_2",
    "N": 1,
    "x_ref": [
        0,
        1
    ],
    "y_ref": [
        0,
        1.127196618295657
    ],
    "curves": [
        {
            "type": "bezier",
            "d": 3,
            "x_ctr": [
                0.7660029711515528,
                1.2345959532468156
            ],
            "y_ctr": [
                0.11678519967408563,
                0.3721285347210705
            ]
        }
    ]
}