{
    "name": "Bezier_4_42",
    "N": 1,
    "x_ref": [
        0,
        1
    ],
    "y_ref": [
        0,
        0.27369181616341587
    ],
    "curves": [
        {
            "type": "bezier",
            "d": 4,
            "x_ctr": [
                0.0027151550961785065,
                0.5037054226747635,
                0.6982776363388905
            ],
            "y_ctr": [
                0.298889968022463,
                0.6404182684467936,
                0.7308850727530354
            ]
        }
    ]
}