{
    "name": "Bezier_4_23",
    "N": 1,
    "x_ref": [
        0,
        1
    ],
    "y_ref": [
        0,
        -0.3535662653358824
    ],
    "curves": [
        {
            "type": "bezier",
            "d": 4,
            "x_ctr": [
                0.19180526072199075,
                0.8360145951630614,
                1.0095270074551088
            ],
            "y_ctr": [
                0.49009603887835207,
                1.1206338886801794,
                0.4719818162227187
            ]
        }
    ]
}