{
    "name": "Bezier_5_8",
    "N": 1,
    "x_ref": [
        0,
        1
    ],
    "y_ref": [
        0,
        1.2152378598634535
    ],
    "curves": [
        {
            "type": "bezier",
            "d": 5,
            "x_ctr": [
                0.28512252835086643,
                0.09555186176854336,
                1.0582189356008522,
                1.2810839412346957
            ],
            "y_ctr": [
                0.390228143204186,
                1.1234672147685236,
                0.47160687151011793,
                0.40280125062038863
            ]
        }
    ]
}