{
    "name": "Bezier_4_33",
    "N": 1,
    "x_ref": [
        0,
        1
    ],
    "y_ref": [
        0,
        -1.210365232224126
    ],
    "curves": [
        {
            "type": "bezier",
            "d": 4,
            "x_ctr": [
                0.374623940266806,
                0.9874867374336969,
                0.5937163797250169
            ],
            "y_ctr": [
                -0.24347734159894457,
                -0.20885695306247937,
                -1.4656944782493038
            ]
        }
    ]
}