{
    "name": "Bezier_4_7",
    "N": 1,
    "x_ref": [
        0,
        1
    ],
    "y_ref": [
        0,
        1.0736836439373878
    ],
    "curves": [
        {
            "type": "bezier",
            "d": 4,
            "x_ctr": [
                -0.023497442714980443,
                0.4499953132481781,
                0.6902503561950212
            ],
            "y_ctr": [
                0.28177163130257565,
                0.4191203361848844,
                0.8842433969571598
            ]
        }
    ]
}