{
    "name": "Bezier_4_36",
    "N": 1,
    "x_ref": [
        0,
        1
    ],
    "y_ref": [
        0,
        -1.107400579760859
    ],
    "curves": [
        {
            "type": "bezier",
            "d": 4,
            "x_ctr": [
                -0.2812816502382678,
                0.09412520654179946,
                0.5387899159236516
            ],
            "y_ctr": [
                0.014201774370759312,
                -1.1221649235344884,
                -1.4919471998950793
            ]
        }
    ]
}