{
    "name": "Bezier_3_19",
    "N": 1,
    "x_ref": [
        0,
        1
    ],
    "y_ref": [
        0,
        -0.6977587097525456
    ],
    "curves": [
        {
            "type": "bezier",
            "d": 3,
            "x_ctr": [
                -0.2900108133634216,
                1.242437674510322
            ],
            "y_ctr": [
                -0.8417571682894867,
                -0.9554513501660814
            ]
        }
    ]
}