{
    "name": "Bezier_4_8",
    "N": 1,
    "x_ref": [
        0,
        1
    ],
    "y_ref": [
        0,
        -0.3838771116399311
    ],
    "curves": [
        {
            "type": "bezier",
            "d": 4,
            "x_ctr": [
                0.06627383692608538,
                0.4601861742889955,
                1.0822498733542045
            ],
            "y_ctr": [
                0.0412078737053691,
                -0.12837058276637836,
                -0.07336555991659927
            ]
        }
    ]
}