{
    "name": "Bezier_4_48",
    "N": 1,
    "x_ref": [
        0,
        1
    ],
    "y_ref": [
        0,
        -0.8828417742270998
    ],
    "curves": [
        {
            "type": "bezier",
            "d": 4,
            "x_ctr": [
                -0.12734176241114814,
                1.253196819371551,
                0.9213524512388496
            ],
            "y_ctr": [
                -0.06880505939901432,
                0.08373588207468341,
                -0.36809090791572363
            ]
        }
    ]
}