{
    "name": "Bezier_5_14",
    "N": 1,
    "x_ref": [
        0,
        1
    ],
    "y_ref": [
        0,
        0.4821861339936817
    ],
    "curves": [
        {
            "type": "bezier",
            "d": 5,
            "x_ctr": [
                0.19381183272506392,
                0.9146116211091553,
                0.9817525195988921,
                1.439541026310751
            ],
            "y_ctr": [
                0.4259669107728158,
                -0.46390102614529033,
                -0.38649865633286035,
                -0.06767792047256316
            ]
        }
    ]
}