{
    "name": "Bezier_5_27",
    "N": 1,
    "x_ref": [
        0,
        1
    ],
    "y_ref": [
        0,
        -0.9226172580574736
    ],
    "curves": [
        {
            "type": "bezier",
            "d": 5,
            "x_ctr": [
                0.11676400943662155,
                -0.3048096553430189,
                -0.26980915884673384,
                0.937677197920546
            ],
            "y_ctr": [
                -0.02886017015118239,
                -1.3224619041944106,
                -1.4404674576865546,
                -1.3741953417426696
            ]
        }
    ]
}