{
    "name": "Bezier_3_9",
    "N": 1,
    "x_ref": [
        0,
        1
    ],
    "y_ref": [
        0,
        -1.0795871225955158
    ],
    "curves": [
        {
            "type": "bezier",
            "d": 3,
            "x_ctr": [
                -0.5780324688459668,
                -0.6380161128675566
            ],
            "y_ctr": [
                -0.3225792896006497,
                -0.5047245521905867
            ]
        }
    ]
}