{
    "name": "Bezier_3_12",
    "N": 1,
    "x_ref": [
        0,
        1
    ],
    "y_ref": [
        0,
        -0.7854233982742014
    ],
    "curves": [
        {
            "type": "bezier",
            "d": 3,
            "x_ctr": [
                0.19018432529044416,
                0.5411040189976085
            ],
            "y_ctr": [
                0.8128399090145793,
                -0.3378715209900922
            ]
        }
    ]
}