{
    "name": "Bezier_4_14",
    "N": 1,
    "x_ref": [
        0,
        1
    ],
    "y_ref": [
        0,
        -0.2726638185871302
    ],
    "curves": [
        {
            "type": "bezier",
            "d": 4,
            "x_ctr": [
                -0.0006234803021720609,
                0.7669907445542574,
                0.5969149750525075
            ],
            "y_ctr": [
                -0.24218061089433446,
                0.8091895157676874,
                -0.8478471502844781
            ]
        }
    ]
}