{
    "name": "Bezier_4_41",
    "N": 1,
    "x_ref": [
        0,
        1
    ],
    "y_ref": [
        0,
        1.4588318554911437
    ],
    "curves": [
        {
            "type": "bezier",
            "d": 4,
            "x_ctr": [
                -0.47954676018681064,
                0.2569260773764934,
                0.5566725113941705
            ],
            "y_ctr": [
                -0.06118258492988915,
                1.0027940279631462,
                2.1015641121837705
            ]
        }
    ]
}