{
    "name": "Bezier_5_10",
    "N": 1,
    "x_ref": [
        0,
        1
    ],
    "y_ref": [
        0,
        0.5590520060484807
    ],
    "curves": [
        {
            "type": "bezier",
            "d": 5,
            "x_ctr": [
                0.05296784700654497,
                0.29067562010197956,
                0.913436381120352,
                1.2515701797573815
            ],
            "y_ctr": [
                -0.2579001548228571,
                0.8108590697670578,
                -0.27116195506293633,
                0.14070856683300614
            ]
        }
    ]
}