{
    "name": "Bezier_4_20",
    "N": 1,
    "x_ref": [
        0,
        1
    ],
    "y_ref": [
        0,
        1.1385367670705318
    ],
    "curves": [
        {
            "type": "bezier",
            "d": 4,
            "x_ctr": [
                0.2683383635473357,
                0.8193104658301671,
                1.012909416373786
            ],
            "y_ctr": [
                0.20192499644252085,
                0.6026402340722987,
                0.8895592061705629
            ]
        }
    ]
}