{
    "name": "Bezier_5_23",
    "N": 1,
    "x_ref": [
        0,
        1
    ],
    "y_ref": [
        0,
        0.31285797951435157
    ],
    "curves": [
        {
            "type": "bezier",
            "d": 5,
            "x_ctr": [
                -0.06587874306995578,
                0.38362409943970255,
                0.4311182319751954,
                0.6432438225185597
            ],
            "y_ctr": [
                -0.13241046305213575,
                0.38522037296420775,
                0.25139612140272005,
                0.7763150486445026
            ]
        }
    ]
}