{
    "name": "Bezier_4_39",
    "N": 1,
    "x_ref": [
        0,
        1
    ],
    "y_ref": [
        0,
        1.2646164837156002
    ],
    "curves": [
        {
            "type": "bezier",
            "d": 4,
            "x_ctr": [
                -0.19440720805931866,
                1.3935553741527362,
                1.1211548251535999
            ],
            "y_ctr": [
                -0.08624272899172045,
                0.21559669967589568,
                1.478051347620505
            ]
        }
    ]
}