{
    "name": "Bezier_5_15",
    "N": 1,
    "x_ref": [
        0,
        1
    ],
    "y_ref": [
        0,
        -0.6765892185087381
    ],
    "curves": [
        {
            "type": "bezier",
            "d": 5,
            "x_ctr": [
                0.2851380325012397,
                0.12534616166012624,
                -0.36270422128984203,
                0.6805427729659677
            ],
            "y_ctr": [
                0.38338060777238553,
                -0.5897484933759332,
                -1.551647706443891,
                -1.1326061798772529
            ]
        }
    ]
}