{
    "name": "Bezier_3_22",
    "N": 1,
    "x_ref": [
        0,
        1
    ],
    "y_ref": [
        0,
        -1.413955395142728
    ],
    "curves": [
        {
            "type": "bezier",
            "d": 3,
            "x_ctr": [
                0.5252247072845937,
                0.3523530587822772
            ],
            "y_ctr": [
                -0.7099684821771319,
                -1.831909961574416
            ]
        }
    ]
}