{
    "name": "Antenna_3_10",
    "N": 3,
    "x_ref": [
        0.0,
        0.7326958695121306,
        0.823779262148915,
        1.0
    ],
    "y_ref": [
        0.0,
        0.22561788963061652,
        0.24313855524679684,
        0.0
    ],
    "curves": [
        {
            "type": "bezier",
            "d": 3,
            "x_ctr": [
                0.07364307116474053,
                0.71324994568403
            ],
            "y_ctr": [
                0.12585635118682736,
                0.22187730071394646
            ]
        },
        {
            "type": "droite"
        },
        {
            "type": "bezier",
            "d": 3,
            "x_ctr": [
                0.8687985127105445,
                0.9413660328246577
            ],
            "y_ctr": [
                0.251798391168003,
                0.08040960407367673
            ]
        }
    ]
}