{
    "name": "Antenna_3_41",
    "N": 3,
    "x_ref": [
        0.0,
        0.2755397750238606,
        0.4497022963067516,
        1.0
    ],
    "y_ref": [
        0.0,
        0.4109352014689902,
        0.4573411151216199,
        0.0
    ],
    "curves": [
        {
            "type": "bezier",
            "d": 3,
            "x_ctr": [
                0.1098442638455665,
                0.2748179410082123
            ],
            "y_ctr": [
                0.2570176750402364,
                0.41074286751128813
            ]
        },
        {
            "type": "droite"
        },
        {
            "type": "bezier",
            "d": 3,
            "x_ctr": [
                0.6884942919248633,
                0.7693950290067741
            ],
            "y_ctr": [
                0.5209676671947484,
                0.0024695515914414396
            ]
        }
    ]
}