{
    "name": "Antenna_3_4",
    "N": 3,
    "x_ref": [
        0.0,
        0.16476305445672662,
        0.3513788246008278,
        1.0
    ],
    "y_ref": [
        0.0,
        0.4834688567462686,
        0.5225465090824906,
        0.0
    ],
    "curves": [
        {
            "type": "bezier",
            "d": 3,
            "x_ctr": [
                0.04055705616433,
                0.11938977835887597
            ],
            "y_ctr": [
                0.00458499109892747,
                0.47396761734223497
            ]
        },
        {
            "type": "droite"
        },
        {
            "type": "bezier",
            "d": 3,
            "x_ctr": [
                0.6694186036350767,
                0.7438224081049905
            ],
            "y_ctr": [
                0.589144567245487,
                0.36753044368186266
            ]
        }
    ]
}