{
    "name": "Antenna_3_27",
    "N": 3,
    "x_ref": [
        0.0,
        0.20519016515182142,
        0.7167280341414756,
        1.0
    ],
    "y_ref": [
        0.0,
        0.5374558335972711,
        0.6180484303389343,
        0.0
    ],
    "curves": [
        {
            "type": "bezier",
            "d": 3,
            "x_ctr": [
                0.045773069763492824,
                0.15313064339598817
            ],
            "y_ctr": [
                0.03922591645510791,
                0.5292538757408205
            ]
        },
        {
            "type": "droite"
        },
        {
            "type": "bezier",
            "d": 3,
            "x_ctr": [
                0.8226991676508756,
                0.9992310040623927
            ],
            "y_ctr": [
                0.6347441421267018,
                0.15944582288039558
            ]
        }
    ]
}