{
    "name": "Antenna_3_18",
    "N": 3,
    "x_ref": [
        0.0,
        0.49160482762357194,
        0.6955473817343285,
        1.0
    ],
    "y_ref": [
        0.0,
        0.3272607758478855,
        0.3993594903548475,
        0.0
    ],
    "curves": [
        {
            "type": "bezier",
            "d": 3,
            "x_ctr": [
                0.08628780015450498,
                0.4203128234865062
            ],
            "y_ctr": [
                0.09311720871775202,
                0.302057296979439
            ]
        },
        {
            "type": "droite"
        },
        {
            "type": "bezier",
            "d": 3,
            "x_ctr": [
                0.8256131812559052,
                0.9866064527527013
            ],
            "y_ctr": [
                0.44534095306484756,
                0.25119060196801474
            ]
        }
    ]
}