{
    "name": "Antenna_3_15",
    "N": 3,
    "x_ref": [
        0.0,
        0.17259710042133003,
        0.3091293975421444,
        1.0
    ],
    "y_ref": [
        0.0,
        0.21708628989760742,
        0.18390844666256265,
        0.0
    ],
    "curves": [
        {
            "type": "bezier",
            "d": 3,
            "x_ctr": [
                0.007889018191993133,
                0.15175279171151004
            ],
            "y_ctr": [
                0.03685363134420427,
                0.2221515324907598
            ]
        },
        {
            "type": "droite"
        },
        {
            "type": "bezier",
            "d": 3,
            "x_ctr": [
                0.3199550379335116,
                0.8339824327075707
            ],
            "y_ctr": [
                0.18127777679617985,
                0.05832141033679521
            ]
        }
    ]
}