{
    "name": "Antenna_3_30",
    "N": 3,
    "x_ref": [
        0.0,
        0.6644142768101251,
        0.8040097200941457,
        1.0
    ],
    "y_ref": [
        0.0,
        0.5119964599698507,
        0.5199126513070704,
        0.0
    ],
    "curves": [
        {
            "type": "bezier",
            "d": 3,
            "x_ctr": [
                0.08042489585949732,
                0.4963404273759106
            ],
            "y_ctr": [
                0.3811851417796238,
                0.5024653125369272
            ]
        },
        {
            "type": "droite"
        },
        {
            "type": "bezier",
            "d": 3,
            "x_ctr": [
                0.8086901061127121,
                0.9384808780238642
            ],
            "y_ctr": [
                0.5201780670712486,
                0.07968420498061003
            ]
        }
    ]
}