{
    "name": "Antenna_3_40",
    "N": 3,
    "x_ref": [
        0.0,
        0.2816872586661437,
        0.5364432554141695,
        1.0
    ],
    "y_ref": [
        0.0,
        0.4628925618052647,
        0.43981195599213546,
        0.0
    ],
    "curves": [
        {
            "type": "bezier",
            "d": 3,
            "x_ctr": [
                0.14007674792537564,
                0.16025116033422596
            ],
            "y_ctr": [
                0.2146535785029968,
                0.47389453527345204
            ]
        },
        {
            "type": "droite"
        },
        {
            "type": "bezier",
            "d": 3,
            "x_ctr": [
                0.6489404762429004,
                0.8856247677341378
            ],
            "y_ctr": [
                0.4296198347382101,
                0.027098125237129424
            ]
        }
    ]
}