{
    "name": "Antenna_3_6",
    "N": 3,
    "x_ref": [
        0.0,
        0.6364786224542247,
        0.8434214339830386,
        1.0
    ],
    "y_ref": [
        0.0,
        0.2660519467408926,
        0.19384169350512584,
        0.0
    ],
    "curves": [
        {
            "type": "bezier",
            "d": 3,
            "x_ctr": [
                0.03469847555411973,
                0.3369580124394829
            ],
            "y_ctr": [
                0.18788954237796704,
                0.3705661308225387
            ]
        },
        {
            "type": "droite"
        },
        {
            "type": "bezier",
            "d": 3,
            "x_ctr": [
                0.8598339556597238,
                0.9262610512920866
            ],
            "y_ctr": [
                0.18811473764830966,
                0.05126574298388635
            ]
        }
    ]
}