{
    "name": "Antenna_3_9",
    "N": 3,
    "x_ref": [
        0.0,
        0.4777767242164105,
        0.8686627080097934,
        1.0
    ],
    "y_ref": [
        0.0,
        0.5090661176721543,
        0.36834682000909114,
        0.0
    ],
    "curves": [
        {
            "type": "bezier",
            "d": 3,
            "x_ctr": [
                0.1585484125844503,
                0.3027298686961191
            ],
            "y_ctr": [
                0.4720663450285734,
                0.5720831394847437
            ]
        },
        {
            "type": "droite"
        },
        {
            "type": "bezier",
            "d": 3,
            "x_ctr": [
                0.876369027928258,
                0.9751249503509478
            ],
            "y_ctr": [
                0.36557253806638934,
                0.3052230763711909
            ]
        }
    ]
}