{
    "name": "Antenna_3_31",
    "N": 3,
    "x_ref": [
        0.0,
        0.4242144153181018,
        0.617769411449797,
        1.0
    ],
    "y_ref": [
        0.0,
        0.31039546934432366,
        0.3559895882604124,
        0.0
    ],
    "curves": [
        {
            "type": "bezier",
            "d": 3,
            "x_ctr": [
                0.008911713221074865,
                0.3255318484487397
            ],
            "y_ctr": [
                0.19873670324751455,
                0.2871496488865288
            ]
        },
        {
            "type": "droite"
        },
        {
            "type": "bezier",
            "d": 3,
            "x_ctr": [
                0.788534035433129,
                0.9942484388662154
            ],
            "y_ctr": [
                0.3962151713151618,
                0.020780646162181404
            ]
        }
    ]
}