{
    "name": "Antenna_3_19",
    "N": 3,
    "x_ref": [
        0.0,
        0.35614425190845345,
        0.7984289593189702,
        1.0
    ],
    "y_ref": [
        0.0,
        0.2569215622472686,
        0.3945585296592121,
        0.0
    ],
    "curves": [
        {
            "type": "bezier",
            "d": 3,
            "x_ctr": [
                0.06786626733064524,
                0.1808669109482225
            ],
            "y_ctr": [
                0.19084123142407333,
                0.20237605962964456
            ]
        },
        {
            "type": "droite"
        },
        {
            "type": "bezier",
            "d": 3,
            "x_ctr": [
                0.8621175535838331,
                0.9372569731021801
            ],
            "y_ctr": [
                0.414378127367367,
                0.3161006569263192
            ]
        }
    ]
}