{
    "name": "Antenna_3_23",
    "N": 3,
    "x_ref": [
        0.0,
        0.1451216828345267,
        0.7992271205163427,
        1.0
    ],
    "y_ref": [
        0.0,
        0.17274113492428023,
        0.2403688681361072,
        0.0
    ],
    "curves": [
        {
            "type": "bezier",
            "d": 3,
            "x_ctr": [
                0.027317991607248054,
                0.11480104085562566
            ],
            "y_ctr": [
                0.005371615775839698,
                0.1696062943184177
            ]
        },
        {
            "type": "droite"
        },
        {
            "type": "bezier",
            "d": 3,
            "x_ctr": [
                0.8770598646354207,
                0.9769052779473943
            ],
            "y_ctr": [
                0.24841596842177988,
                0.09351470767225392
            ]
        }
    ]
}