{
    "name": "Antenna_3_0",
    "N": 3,
    "x_ref": [
        0.0,
        0.4900443319083946,
        0.7181902924157564,
        1.0
    ],
    "y_ref": [
        0.0,
        0.40426000125425,
        0.4240125643082639,
        0.0
    ],
    "curves": [
        {
            "type": "bezier",
            "d": 3,
            "x_ctr": [
                0.006840551550654735,
                0.4700716286515079
            ],
            "y_ctr": [
                0.10327500806407547,
                0.40253079211303433
            ]
        },
        {
            "type": "droite"
        },
        {
            "type": "bezier",
            "d": 3,
            "x_ctr": [
                0.8263065856330744,
                0.9254070864085786
            ],
            "y_ctr": [
                0.4333731240753189,
                0.3948084813338458
            ]
        }
    ]
}