{
    "name": "Antenna_3_1",
    "N": 3,
    "x_ref": [
        0.0,
        0.6565109135778909,
        0.7441360332909287,
        1.0
    ],
    "y_ref": [
        0.0,
        0.34262613226255445,
        0.36513909716446613,
        0.0
    ],
    "curves": [
        {
            "type": "bezier",
            "d": 3,
            "x_ctr": [
                0.03187674670731095,
                0.5096766106648907
            ],
            "y_ctr": [
                0.1887107300643178,
                0.30490092836323024
            ]
        },
        {
            "type": "droite"
        },
        {
            "type": "bezier",
            "d": 3,
            "x_ctr": [
                0.7787824825844855,
                0.9772089342183983
            ],
            "y_ctr": [
                0.37404058910508886,
                0.15033627442302902
            ]
        }
    ]
}