{
    "name": "Antenna_3_45",
    "N": 3,
    "x_ref": [
        0.0,
        0.11316843475160143,
        0.5892201559919548,
        1.0
    ],
    "y_ref": [
        0.0,
        0.5474034581023474,
        0.5368371162436616,
        0.0
    ],
    "curves": [
        {
            "type": "bezier",
            "d": 3,
            "x_ctr": [
                0.05300568953120804,
                0.1020884522508035
            ],
            "y_ctr": [
                0.20207981350369006,
                0.5476493870165138
            ]
        },
        {
            "type": "droite"
        },
        {
            "type": "bezier",
            "d": 3,
            "x_ctr": [
                0.7046694361111577,
                0.9320085412683541
            ],
            "y_ctr": [
                0.534274628793978,
                0.28962165811019475
            ]
        }
    ]
}