{
    "name": "Antenna_3_24",
    "N": 3,
    "x_ref": [
        0.0,
        0.1151553366652512,
        0.7634421233312157,
        1.0
    ],
    "y_ref": [
        0.0,
        0.11119646320577686,
        0.25278689188809156,
        0.0
    ],
    "curves": [
        {
            "type": "bezier",
            "d": 3,
            "x_ctr": [
                0.029161336687079834,
                0.11240421794651305
            ],
            "y_ctr": [
                0.06459666400118225,
                0.11059559938014596
            ]
        },
        {
            "type": "droite"
        },
        {
            "type": "bezier",
            "d": 3,
            "x_ctr": [
                0.838539862735405,
                0.9684110499188221
            ],
            "y_ctr": [
                0.2691887703992924,
                0.01045743731083975
            ]
        }
    ]
}