{
    "name": "Antenna_3_48",
    "N": 3,
    "x_ref": [
        0.0,
        0.14892331914429757,
        0.19014656245690317,
        1.0
    ],
    "y_ref": [
        0.0,
        0.33901302537916883,
        0.3346999315641595,
        0.0
    ],
    "curves": [
        {
            "type": "bezier",
            "d": 3,
            "x_ctr": [
                0.0483820613492989,
                0.12697937380670068
            ],
            "y_ctr": [
                0.07367924864391794,
                0.3413089702711019
            ]
        },
        {
            "type": "droite"
        },
        {
            "type": "bezier",
            "d": 3,
            "x_ctr": [
                0.2836560584304176,
                0.6530919852194118
            ],
            "y_ctr": [
                0.3249162465282789,
                0.24641038489535572
            ]
        }
    ]
}