{
    "name": "Antenna_3_11",
    "N": 3,
    "x_ref": [
        0.0,
        0.15506475564591396,
        0.8785993595556768,
        1.0
    ],
    "y_ref": [
        0.0,
        0.42254273809967724,
        0.3053147896128079,
        0.0
    ],
    "curves": [
        {
            "type": "bezier",
            "d": 3,
            "x_ctr": [
                0.01922858098004913,
                0.1259533306567507
            ],
            "y_ctr": [
                0.3843310794593858,
                0.4272594062598011
            ]
        },
        {
            "type": "droite"
        },
        {
            "type": "bezier",
            "d": 3,
            "x_ctr": [
                0.9260957885499099,
                0.9472702233923737
            ],
            "y_ctr": [
                0.2976193609472556,
                0.1487111479267534
            ]
        }
    ]
}