{
    "name": "Antenna_3_34",
    "N": 3,
    "x_ref": [
        0.0,
        0.40311839787939174,
        0.6550361211081281,
        1.0
    ],
    "y_ref": [
        0.0,
        0.4960029830057343,
        0.44728582006678635,
        0.0
    ],
    "curves": [
        {
            "type": "bezier",
            "d": 3,
            "x_ctr": [
                0.039171073825123165,
                0.2357018112817804
            ],
            "y_ctr": [
                0.4511941302231031,
                0.5283788755131177
            ]
        },
        {
            "type": "droite"
        },
        {
            "type": "bezier",
            "d": 3,
            "x_ctr": [
                0.7505501239459593,
                0.8933621083466041
            ],
            "y_ctr": [
                0.42881482414175265,
                0.08639706403778213
            ]
        }
    ]
}