{
    "name": "Antenna_3_32",
    "N": 3,
    "x_ref": [
        0.0,
        0.3753928375987826,
        0.8431749228382278,
        1.0
    ],
    "y_ref": [
        0.0,
        0.44520394853811607,
        0.34261588874970067,
        0.0
    ],
    "curves": [
        {
            "type": "bezier",
            "d": 3,
            "x_ctr": [
                0.10780141281406867,
                0.3498650632774291
            ],
            "y_ctr": [
                0.04689896977550187,
                0.4508023776378617
            ]
        },
        {
            "type": "droite"
        },
        {
            "type": "bezier",
            "d": 3,
            "x_ctr": [
                0.8639265565923386,
                0.9370357864032584
            ],
            "y_ctr": [
                0.3380649024861196,
                0.2429280391252519
            ]
        }
    ]
}