{
    "name": "Antenna_3_46",
    "N": 3,
    "x_ref": [
        0.0,
        0.26147606187308314,
        0.5707558218018318,
        1.0
    ],
    "y_ref": [
        0.0,
        0.24209441176214433,
        0.28498872527535085,
        0.0
    ],
    "curves": [
        {
            "type": "bezier",
            "d": 3,
            "x_ctr": [
                0.10312350654509864,
                0.1922955293586509
            ],
            "y_ctr": [
                0.0620720502404121,
                0.2324996957957058
            ]
        },
        {
            "type": "droite"
        },
        {
            "type": "bezier",
            "d": 3,
            "x_ctr": [
                0.6936551921387403,
                0.820155019747987
            ],
            "y_ctr": [
                0.3020337595932173,
                0.06707341469263958
            ]
        }
    ]
}