{
    "name": "Antenna_3_14",
    "N": 3,
    "x_ref": [
        0.0,
        0.5269610391416844,
        0.5595630813298356,
        1.0
    ],
    "y_ref": [
        0.0,
        0.5714613724955612,
        0.577300900307955,
        0.0
    ],
    "curves": [
        {
            "type": "bezier",
            "d": 3,
            "x_ctr": [
                0.17835708205023437,
                0.3012990093981874
            ],
            "y_ctr": [
                0.07605793285415427,
                0.5310418278767484
            ]
        },
        {
            "type": "droite"
        },
        {
            "type": "bezier",
            "d": 3,
            "x_ctr": [
                0.64215851259115,
                0.953051293847798
            ],
            "y_ctr": [
                0.5920950139786133,
                0.25339744603257136
            ]
        }
    ]
}