{
    "name": "Antenna_3_43",
    "N": 3,
    "x_ref": [
        0.0,
        0.7545994926446614,
        0.8941177298891135,
        1.0
    ],
    "y_ref": [
        0.0,
        0.2840536128088893,
        0.2547828242541697,
        0.0
    ],
    "curves": [
        {
            "type": "bezier",
            "d": 3,
            "x_ctr": [
                0.07792511227156936,
                0.5606925838147577
            ],
            "y_ctr": [
                0.027640801555881316,
                0.3247350910138836
            ]
        },
        {
            "type": "droite"
        },
        {
            "type": "bezier",
            "d": 3,
            "x_ctr": [
                0.9262334464527646,
                0.9549788965491695
            ],
            "y_ctr": [
                0.24804497859768498,
                0.04053477303712431
            ]
        }
    ]
}