{
    "name": "Antenna_3_36",
    "N": 3,
    "x_ref": [
        0.0,
        0.20341560065120873,
        0.350824331427113,
        1.0
    ],
    "y_ref": [
        0.0,
        0.39116821891552134,
        0.37248551473989666,
        0.0
    ],
    "curves": [
        {
            "type": "bezier",
            "d": 3,
            "x_ctr": [
                0.026554080919808803,
                0.19285157533731112
            ],
            "y_ctr": [
                0.16683541459307527,
                0.3925071122009089
            ]
        },
        {
            "type": "droite"
        },
        {
            "type": "bezier",
            "d": 3,
            "x_ctr": [
                0.5243897783124194,
                0.9365243149459783
            ],
            "y_ctr": [
                0.3504876867808601,
                0.22641337528504654
            ]
        }
    ]
}