{
    "name": "Antenna_3_16",
    "N": 3,
    "x_ref": [
        0.0,
        0.2301146436440924,
        0.4421040463937226,
        1.0
    ],
    "y_ref": [
        0.0,
        0.5265181950208394,
        0.45630695958993406,
        0.0
    ],
    "curves": [
        {
            "type": "bezier",
            "d": 3,
            "x_ctr": [
                0.006007110954437737,
                0.18045415459416297
            ],
            "y_ctr": [
                0.38664843228645235,
                0.54296582986991
            ]
        },
        {
            "type": "droite"
        },
        {
            "type": "bezier",
            "d": 3,
            "x_ctr": [
                0.4773970788063169,
                0.9353808149313648
            ],
            "y_ctr": [
                0.44461784977760144,
                0.04497030110815914
            ]
        }
    ]
}