{
    "name": "Antenna_3_44",
    "N": 3,
    "x_ref": [
        0.0,
        0.2510430787983068,
        0.6819946918215416,
        1.0
    ],
    "y_ref": [
        0.0,
        0.1377158237505428,
        0.11158711463488828,
        0.0
    ],
    "curves": [
        {
            "type": "bezier",
            "d": 3,
            "x_ctr": [
                0.0156443591511785,
                0.15233820854274394
            ],
            "y_ctr": [
                0.07989774960538597,
                0.1437003258739099
            ]
        },
        {
            "type": "droite"
        },
        {
            "type": "bezier",
            "d": 3,
            "x_ctr": [
                0.8053790847998886,
                0.9365196901417687
            ],
            "y_ctr": [
                0.10410628658803045,
                0.06261445671027249
            ]
        }
    ]
}