{
    "name": "Antenna_3_38",
    "N": 3,
    "x_ref": [
        0.0,
        0.27812077260647233,
        0.43583823758231033,
        1.0
    ],
    "y_ref": [
        0.0,
        0.10511829458162084,
        0.06513857769559211,
        0.0
    ],
    "curves": [
        {
            "type": "bezier",
            "d": 3,
            "x_ctr": [
                0.0930984990624285,
                0.24618945211744397
            ],
            "y_ctr": [
                0.03871212993363072,
                0.11321254814538421
            ]
        },
        {
            "type": "droite"
        },
        {
            "type": "bezier",
            "d": 3,
            "x_ctr": [
                0.6451325855416766,
                0.9658516313900507
            ],
            "y_ctr": [
                0.012084663986394878,
                0.00814894289415894
            ]
        }
    ]
}