{
    "name": "Antenna_3_35",
    "N": 3,
    "x_ref": [
        0.0,
        0.4600077380952049,
        0.5910318992753635,
        1.0
    ],
    "y_ref": [
        0.0,
        0.30731393307601246,
        0.34637312344826465,
        0.0
    ],
    "curves": [
        {
            "type": "bezier",
            "d": 3,
            "x_ctr": [
                0.2194626809797911,
                0.351852748663924
            ],
            "y_ctr": [
                0.2551571295359545,
                0.27507219778188835
            ]
        },
        {
            "type": "droite"
        },
        {
            "type": "bezier",
            "d": 3,
            "x_ctr": [
                0.6823637285146303,
                0.9575797209098136
            ],
            "y_ctr": [
                0.37359976068196876,
                0.3728090403339641
            ]
        }
    ]
}