{
    "name": "Antenna_3_22",
    "N": 3,
    "x_ref": [
        0.0,
        0.32744798158413585,
        0.38705779604326485,
        1.0
    ],
    "y_ref": [
        0.0,
        0.3815247152475709,
        0.3721427956153139,
        0.0
    ],
    "curves": [
        {
            "type": "bezier",
            "d": 3,
            "x_ctr": [
                0.07794811728554224,
                0.24536236916548543
            ],
            "y_ctr": [
                0.3458393190690224,
                0.39444407467963905
            ]
        },
        {
            "type": "droite"
        },
        {
            "type": "bezier",
            "d": 3,
            "x_ctr": [
                0.6256773188504117,
                0.932386539226353
            ],
            "y_ctr": [
                0.33458674539141775,
                0.290192612882566
            ]
        }
    ]
}