{
    "name": "Antenna_3_26",
    "N": 3,
    "x_ref": [
        0.0,
        0.4083033098573131,
        0.866869927356804,
        1.0
    ],
    "y_ref": [
        0.0,
        0.15163990917464393,
        0.14991422272998542,
        0.0
    ],
    "curves": [
        {
            "type": "bezier",
            "d": 3,
            "x_ctr": [
                0.10524662941193609,
                0.22851345743970256
            ],
            "y_ctr": [
                0.14954870696009978,
                0.15231649769932992
            ]
        },
        {
            "type": "droite"
        },
        {
            "type": "bezier",
            "d": 3,
            "x_ctr": [
                0.89220250888914,
                0.9883433079836725
            ],
            "y_ctr": [
                0.14981889068685297,
                0.07749684196564806
            ]
        }
    ]
}