{
    "name": "Antenna_3_29",
    "N": 3,
    "x_ref": [
        0.0,
        0.11992267786347403,
        0.12329588951584862,
        1.0
    ],
    "y_ref": [
        0.0,
        0.36676231265371995,
        0.3668041210538554,
        0.0
    ],
    "curves": [
        {
            "type": "bezier",
            "d": 3,
            "x_ctr": [
                0.03843598369024412,
                0.06781023402818893
            ],
            "y_ctr": [
                0.2818081549222941,
                0.3661164184352625
            ]
        },
        {
            "type": "droite"
        },
        {
            "type": "bezier",
            "d": 3,
            "x_ctr": [
                0.3434157188609438,
                0.9055237136663822
            ],
            "y_ctr": [
                0.3695323393963154,
                0.1685807626617958
            ]
        }
    ]
}