{
    "name": "Antenna_3_13",
    "N": 3,
    "x_ref": [
        0.0,
        0.2567481466803516,
        0.6120563849581808,
        1.0
    ],
    "y_ref": [
        0.0,
        0.45573584121911725,
        0.5792497442519098,
        0.0
    ],
    "curves": [
        {
            "type": "bezier",
            "d": 3,
            "x_ctr": [
                0.11634226726168931,
                0.20531842082692583
            ],
            "y_ctr": [
                0.2809597371425921,
                0.4378576006163873
            ]
        },
        {
            "type": "droite"
        },
        {
            "type": "bezier",
            "d": 3,
            "x_ctr": [
                0.6335697381955873,
                0.9883390717332836
            ],
            "y_ctr": [
                0.5867283162055312,
                0.05490818644773385
            ]
        }
    ]
}