{
    "name": "Antenna_3_33",
    "N": 3,
    "x_ref": [
        0.0,
        0.6054013401232,
        0.6082885066849046,
        1.0
    ],
    "y_ref": [
        0.0,
        0.142283588143989,
        0.14152562846877195,
        0.0
    ],
    "curves": [
        {
            "type": "bezier",
            "d": 3,
            "x_ctr": [
                0.13697154492081973,
                0.36465983953552505
            ],
            "y_ctr": [
                0.045946533663023405,
                0.20548477369975598
            ]
        },
        {
            "type": "droite"
        },
        {
            "type": "bezier",
            "d": 3,
            "x_ctr": [
                0.7706703940732604,
                0.8134872657632394
            ],
            "y_ctr": [
                0.0988959706379669,
                0.07128169770040284
            ]
        }
    ]
}