{
    "name": "Antenna_3_2",
    "N": 3,
    "x_ref": [
        0.0,
        0.35791774790739894,
        0.4646372003345318,
        1.0
    ],
    "y_ref": [
        0.0,
        0.5810883292290554,
        0.5763149244455845,
        0.0
    ],
    "curves": [
        {
            "type": "bezier",
            "d": 3,
            "x_ctr": [
                0.07127722907822388,
                0.20932876070494874
            ],
            "y_ctr": [
                0.28743549375273403,
                0.5877344969721625
            ]
        },
        {
            "type": "droite"
        },
        {
            "type": "bezier",
            "d": 3,
            "x_ctr": [
                0.5926832446445789,
                0.8564789044470915
            ],
            "y_ctr": [
                0.5705876124465707,
                0.22415158133061622
            ]
        }
    ]
}