{
    "name": "Antenna_3_49",
    "N": 3,
    "x_ref": [
        0.0,
        0.23905722907260107,
        0.6884897004729282,
        1.0
    ],
    "y_ref": [
        0.0,
        0.3724824963321267,
        0.23201495488016363,
        0.0
    ],
    "curves": [
        {
            "type": "bezier",
            "d": 3,
            "x_ctr": [
                0.05746130232221195,
                0.1529367836998076
            ],
            "y_ctr": [
                0.13390382304150164,
                0.39939894763474965
            ]
        },
        {
            "type": "droite"
        },
        {
            "type": "bezier",
            "d": 3,
            "x_ctr": [
                0.8186992783350936,
                0.9407531037703609
            ],
            "y_ctr": [
                0.1913186980680818,
                0.06749828289848085
            ]
        }
    ]
}