{
    "name": "Antenna_3_47",
    "N": 3,
    "x_ref": [
        0.0,
        0.14238135263987317,
        0.7790375245145577,
        1.0
    ],
    "y_ref": [
        0.0,
        0.19835021637846578,
        0.2756549442624596,
        0.0
    ],
    "curves": [
        {
            "type": "bezier",
            "d": 3,
            "x_ctr": [
                0.011038459399403117,
                0.13856196755667932
            ],
            "y_ctr": [
                0.15686640900490095,
                0.19788645503037255
            ]
        },
        {
            "type": "droite"
        },
        {
            "type": "bezier",
            "d": 3,
            "x_ctr": [
                0.8107315619644017,
                0.9307919739737335
            ],
            "y_ctr": [
                0.2795033306424908,
                0.19159538234731313
            ]
        }
    ]
}