{
    "name": "Antenna_3_17",
    "N": 3,
    "x_ref": [
        0.0,
        0.3220338196444684,
        0.5772732654937535,
        1.0
    ],
    "y_ref": [
        0.0,
        0.2377363335387839,
        0.16128033776591325,
        0.0
    ],
    "curves": [
        {
            "type": "bezier",
            "d": 3,
            "x_ctr": [
                0.1275145735452407,
                0.2207387077427857
            ],
            "y_ctr": [
                0.1024612485888017,
                0.2680788952913298
            ]
        },
        {
            "type": "droite"
        },
        {
            "type": "bezier",
            "d": 3,
            "x_ctr": [
                0.7405283505299425,
                0.944752828755391
            ],
            "y_ctr": [
                0.11237790401436518,
                0.08805626062736029
            ]
        }
    ]
}