{
    "name": "Antenna_3_12",
    "N": 3,
    "x_ref": [
        0.0,
        0.39049362820168465,
        0.8919857635799936,
        1.0
    ],
    "y_ref": [
        0.0,
        0.3518334217029726,
        0.3708477584883319,
        0.0
    ],
    "curves": [
        {
            "type": "bezier",
            "d": 3,
            "x_ctr": [
                0.0640739486956877,
                0.3337917299752085
            ],
            "y_ctr": [
                0.14029328226542737,
                0.3496835395549025
            ]
        },
        {
            "type": "droite"
        },
        {
            "type": "bezier",
            "d": 3,
            "x_ctr": [
                0.9277035746374227,
                0.9747902392513785
            ],
            "y_ctr": [
                0.37220201798867175,
                0.30513739856014205
            ]
        }
    ]
}