{
    "name": "Antenna_3_20",
    "N": 3,
    "x_ref": [
        0.0,
        0.8255624393756831,
        0.8574760789112904,
        1.0
    ],
    "y_ref": [
        0.0,
        0.43603477166751214,
        0.4413502570671014,
        0.0
    ],
    "curves": [
        {
            "type": "bezier",
            "d": 3,
            "x_ctr": [
                0.36436313765586625,
                0.7721047877363248
            ],
            "y_ctr": [
                0.34696412229335427,
                0.42713094963654963
            ]
        },
        {
            "type": "droite"
        },
        {
            "type": "bezier",
            "d": 3,
            "x_ctr": [
                0.8911693588107273,
                0.9479325274804286
            ],
            "y_ctr": [
                0.44696215655509014,
                0.43002660638517026
            ]
        }
    ]
}