{
    "name": "Antenna_3_37",
    "N": 3,
    "x_ref": [
        0.0,
        0.47347770724872684,
        0.5134001013825399,
        1.0
    ],
    "y_ref": [
        0.0,
        0.2743923221850787,
        0.27540301130831724,
        0.0
    ],
    "curves": [
        {
            "type": "bezier",
            "d": 3,
            "x_ctr": [
                0.11149983917522173,
                0.4105449714519016
            ],
            "y_ctr": [
                0.2648635087958187,
                0.2727990953021342
            ]
        },
        {
            "type": "droite"
        },
        {
            "type": "bezier",
            "d": 3,
            "x_ctr": [
                0.7265665126450461,
                0.8838052035084922
            ],
            "y_ctr": [
                0.28079960582568697,
                0.16436814172154737
            ]
        }
    ]
}