{
    "name": "Antenna_3_28",
    "N": 3,
    "x_ref": [
        0.0,
        0.5289579306946129,
        0.7770475893486747,
        1.0
    ],
    "y_ref": [
        0.0,
        0.1880611344023605,
        0.1548835893645495,
        0.0
    ],
    "curves": [
        {
            "type": "bezier",
            "d": 3,
            "x_ctr": [
                0.016260057507738755,
                0.4633401539600381
            ],
            "y_ctr": [
                0.008018299034068525,
                0.1968363358948502
            ]
        },
        {
            "type": "droite"
        },
        {
            "type": "bezier",
            "d": 3,
            "x_ctr": [
                0.8381434776189228,
                0.9504240713837127
            ],
            "y_ctr": [
                0.14671310940295743,
                0.02650175892946028
            ]
        }
    ]
}