{
    "name": "Antenna_3_3",
    "N": 3,
    "x_ref": [
        0.0,
        0.18474754690856604,
        0.6733311194222231,
        1.0
    ],
    "y_ref": [
        0.0,
        0.4772416001400869,
        0.33676336833485443,
        0.0
    ],
    "curves": [
        {
            "type": "bezier",
            "d": 3,
            "x_ctr": [
                0.035545868913144756,
                0.12341416052369478
            ],
            "y_ctr": [
                0.09362404599681294,
                0.49487626113707117
            ]
        },
        {
            "type": "droite"
        },
        {
            "type": "bezier",
            "d": 3,
            "x_ctr": [
                0.7486105802327364,
                0.8800256589726223
            ],
            "y_ctr": [
                0.3151189125225039,
                0.15014103780243965
            ]
        }
    ]
}