{
    "name": "Antenna_3_8",
    "N": 3,
    "x_ref": [
        0.0,
        0.30787088961613307,
        0.7034104797729019,
        1.0
    ],
    "y_ref": [
        0.0,
        0.2979121033250104,
        0.28134289988727934,
        0.0
    ],
    "curves": [
        {
            "type": "bezier",
            "d": 3,
            "x_ctr": [
                0.04298210486307951,
                0.17085391332954586
            ],
            "y_ctr": [
                0.038548302975667775,
                0.3036517617840168
            ]
        },
        {
            "type": "droite"
        },
        {
            "type": "bezier",
            "d": 3,
            "x_ctr": [
                0.7223225985725213,
                0.9998112791714131
            ],
            "y_ctr": [
                0.28055066883980007,
                0.08189650884087814
            ]
        }
    ]
}