{
    "name": "Antenna_3_21",
    "N": 3,
    "x_ref": [
        0.0,
        0.4058863981638311,
        0.5603674754504956,
        1.0
    ],
    "y_ref": [
        0.0,
        0.5650745567353438,
        0.5536616882555646,
        0.0
    ],
    "curves": [
        {
            "type": "bezier",
            "d": 3,
            "x_ctr": [
                0.050326792382025046,
                0.21893702779688642
            ],
            "y_ctr": [
                0.3051268563265055,
                0.5788861420366048
            ]
        },
        {
            "type": "droite"
        },
        {
            "type": "bezier",
            "d": 3,
            "x_ctr": [
                0.7591708874568538,
                0.9783471245812934
            ],
            "y_ctr": [
                0.5389743412069058,
                0.29073408138941215
            ]
        }
    ]
}