{
    "name": "Antenna_3_39",
    "N": 3,
    "x_ref": [
        0.0,
        0.21659971613521734,
        0.5403959066083661,
        1.0
    ],
    "y_ref": [
        0.0,
        0.5962892213165789,
        0.686537629435312,
        0.0
    ],
    "curves": [
        {
            "type": "bezier",
            "d": 3,
            "x_ctr": [
                0.06317251404754702,
                0.18010420147333303
            ],
            "y_ctr": [
                0.27448753405334786,
                0.5861171989191071
            ]
        },
        {
            "type": "droite"
        },
        {
            "type": "bezier",
            "d": 3,
            "x_ctr": [
                0.7163120586186642,
                0.9775852127841637
            ],
            "y_ctr": [
                0.7355689434174295,
                0.7040845894511155
            ]
        }
    ]
}