{
    "name": "Antenna_3_42",
    "N": 3,
    "x_ref": [
        0.0,
        0.2211675722522083,
        0.7268000005970768,
        1.0
    ],
    "y_ref": [
        0.0,
        0.12022440440482535,
        0.16659978934581238,
        0.0
    ],
    "curves": [
        {
            "type": "bezier",
            "d": 3,
            "x_ctr": [
                0.01640209227699337,
                0.21125867915393648
            ],
            "y_ctr": [
                0.08719003848523911,
                0.11931558466540385
            ]
        },
        {
            "type": "droite"
        },
        {
            "type": "bezier",
            "d": 3,
            "x_ctr": [
                0.8244340448571935,
                0.9534313047589986
            ],
            "y_ctr": [
                0.1755545480442004,
                0.15764927599044828
            ]
        }
    ]
}