{
    "name": "Antenna_3_25",
    "N": 3,
    "x_ref": [
        0.0,
        0.30243146907202756,
        0.806329409430777,
        1.0
    ],
    "y_ref": [
        0.0,
        0.5533690343670646,
        0.7158751830878571,
        0.0
    ],
    "curves": [
        {
            "type": "bezier",
            "d": 3,
            "x_ctr": [
                0.14658809583179605,
                0.1944412238323474
            ],
            "y_ctr": [
                0.14960354930588213,
                0.5185423810951337
            ]
        },
        {
            "type": "droite"
        },
        {
            "type": "bezier",
            "d": 3,
            "x_ctr": [
                0.8282907048032093,
                0.9885893487120365
            ],
            "y_ctr": [
                0.7229576600064032,
                0.6162764369460613
            ]
        }
    ]
}