{
    "name": "Antenna_3_5",
    "N": 3,
    "x_ref": [
        0.0,
        0.3324971139106097,
        0.6386467614728588,
        1.0
    ],
    "y_ref": [
        0.0,
        0.16797068138317572,
        0.18707466248798335,
        0.0
    ],
    "curves": [
        {
            "type": "bezier",
            "d": 3,
            "x_ctr": [
                0.16053233384481733,
                0.26454362049621066
            ],
            "y_ctr": [
                0.14988254943011659,
                0.1637303294359131
            ]
        },
        {
            "type": "droite"
        },
        {
            "type": "bezier",
            "d": 3,
            "x_ctr": [
                0.7215400265726863,
                0.9943490020525712
            ],
            "y_ctr": [
                0.19224726805128364,
                0.17876207293552013
            ]
        }
    ]
}