{
    "name": "Antenna_3_7",
    "N": 3,
    "x_ref": [
        0.0,
        0.512391559741868,
        0.7600922009403928,
        1.0
    ],
    "y_ref": [
        0.0,
        0.20824302573345088,
        0.1623634687228793,
        0.0
    ],
    "curves": [
        {
            "type": "bezier",
            "d": 3,
            "x_ctr": [
                0.16191883378339234,
                0.33707323467545647
            ],
            "y_ctr": [
                0.15936337604169293,
                0.24071580033331838
            ]
        },
        {
            "type": "droite"
        },
        {
            "type": "bezier",
            "d": 3,
            "x_ctr": [
                0.7928440039412691,
                0.8998586394621411
            ],
            "y_ctr": [
                0.1562971210311372,
                0.019397877065402806
            ]
        }
    ]
}