{
    "name": "Arc_Ellipse_47",
    "N": 1,
    "x_ref": [
        0.0,
        1.0
    ],
    "y_ref": [
        0.0,
        -0.20172165279668328
    ],
    "curves": [
        {
            "type": "ellipse",
            "x_c": 0.5092198241623959,
            "y_c": -0.05118896637184023,
            "a": -0.5117862245099987,
            "b": -0.5576839843431232,
            "theta": -0.10018773441290874,
            "t1": 0,
            "t2": 2.960046957791434
        }
    ]
}