{
    "name": "Arc_Ellipse_1",
    "N": 1,
    "x_ref": [
        0.0,
        1.0
    ],
    "y_ref": [
        0.0,
        2.0087374995160596
    ],
    "curves": [
        {
            "type": "ellipse",
            "x_c": 0.9085735197905023,
            "y_c": 0.6880618452476265,
            "a": -1.1397082713352882,
            "b": -1.544882489200186,
            "theta": 0.6481561451898155,
            "t1": 0,
            "t2": -2.439556342953136
        }
    ]
}