{
    "name": "Arc_Ellipse_65",
    "N": 1,
    "x_ref": [
        0.0,
        1.0
    ],
    "y_ref": [
        0.0,
        -4.843175663788203
    ],
    "curves": [
        {
            "type": "ellipse",
            "x_c": 0.815828783535786,
            "y_c": -2.3713481597731456,
            "a": -2.5077616910115212,
            "b": -2.14613581260724,
            "theta": -1.239444628877589,
            "t1": 0,
            "t2": 2.8436604022372585
        }
    ]
}