{
    "name": "Arc_Ellipse_90",
    "N": 1,
    "x_ref": [
        0.0,
        1.0
    ],
    "y_ref": [
        0.0,
        -13.527559789914005
    ],
    "curves": [
        {
            "type": "ellipse",
            "x_c": -13.706278857551204,
            "y_c": -4.130749515044632,
            "a": 14.315207706386822,
            "b": 21.78997627439977,
            "theta": 0.2927191037397221,
            "t1": 0,
            "t2": -0.6530990424050063
        }
    ]
}