{
    "name": "Arc_Ellipse_8",
    "N": 1,
    "x_ref": [
        0.0,
        1.0
    ],
    "y_ref": [
        0.0,
        2.311971125801743
    ],
    "curves": [
        {
            "type": "ellipse",
            "x_c": 0.09696678745314534,
            "y_c": 1.3097926936470807,
            "a": -1.3133771195662953,
            "b": -1.415310474246313,
            "theta": 1.4968989706724964,
            "t1": 0,
            "t2": 2.5179133468645354
        }
    ]
}