{
    "name": "Arc_Ellipse_74",
    "N": 1,
    "x_ref": [
        0.0,
        1.0
    ],
    "y_ref": [
        0.0,
        1.2934375396007693
    ],
    "curves": [
        {
            "type": "ellipse",
            "x_c": -0.0459138039914498,
            "y_c": 1.9062371437356413,
            "a": 1.9067900056257852,
            "b": 1.0938630555343694,
            "theta": -1.5467148905357644,
            "t1": 0,
            "t2": 1.2297298664350178
        }
    ]
}