{
    "name": "Arc_Ellipse_49",
    "N": 1,
    "x_ref": [
        0.0,
        1.0
    ],
    "y_ref": [
        0.0,
        -2.465798452749451
    ],
    "curves": [
        {
            "type": "ellipse",
            "x_c": 0.48479417231689526,
            "y_c": -1.2425586377835998,
            "a": -1.3337830999990437,
            "b": -0.3469213102302904,
            "theta": -1.1988031338553125,
            "t1": 0,
            "t2": -3.0395090110539447
        }
    ]
}