{
    "name": "Arc_Ellipse_37",
    "N": 1,
    "x_ref": [
        0.0,
        1.0
    ],
    "y_ref": [
        0.0,
        0.0900566843015923
    ],
    "curves": [
        {
            "type": "ellipse",
            "x_c": 0.38712327883248293,
            "y_c": -0.30283904920137567,
            "a": -0.4915037362372799,
            "b": -0.7879809534632691,
            "theta": -0.6638426866951995,
            "t1": 0,
            "t2": -2.082423022019938
        }
    ]
}