{
    "name": "Arc_Ellipse_78",
    "N": 1,
    "x_ref": [
        0.0,
        1.0
    ],
    "y_ref": [
        0.0,
        0.8715121055430584
    ],
    "curves": [
        {
            "type": "ellipse",
            "x_c": -44.061087584717775,
            "y_c": 50.73536882771919,
            "a": 67.19715090115704,
            "b": 159.8863709459645,
            "theta": -0.8556886140487205,
            "t1": 0,
            "t2": 0.008296437167039983
        }
    ]
}