{
    "name": "Arc_Ellipse_46",
    "N": 1,
    "x_ref": [
        0.0,
        1.0
    ],
    "y_ref": [
        0.0,
        -0.3696340396950038
    ],
    "curves": [
        {
            "type": "ellipse",
            "x_c": -3.2270858228296917,
            "y_c": -10.449869328180917,
            "a": 10.936811778757312,
            "b": 10.340576378329352,
            "theta": 1.2712713010066952,
            "t1": 0,
            "t2": -0.10313088149383676
        }
    ]
}