{
    "name": "Arc_Ellipse_32",
    "N": 1,
    "x_ref": [
        0.0,
        1.0
    ],
    "y_ref": [
        0.0,
        3.010324316040405
    ],
    "curves": [
        {
            "type": "ellipse",
            "x_c": 0.8763347947142666,
            "y_c": 1.436294287027119,
            "a": -1.6825290343330292,
            "b": -1.3048692553091374,
            "theta": 1.022957229544628,
            "t1": 0,
            "t2": -2.5623646937813027
        }
    ]
}