{
    "name": "Arc_Ellipse_67",
    "N": 1,
    "x_ref": [
        0.0,
        1.0
    ],
    "y_ref": [
        0.0,
        0.6275065083718968
    ],
    "curves": [
        {
            "type": "ellipse",
            "x_c": 0.5263570603081518,
            "y_c": 0.2832410675429652,
            "a": -0.5977267413117117,
            "b": -0.32768487207833297,
            "theta": 0.4936733286036872,
            "t1": 0,
            "t2": -2.898997645849086
        }
    ]
}