{
    "name": "Arc_Ellipse_54",
    "N": 1,
    "x_ref": [
        0.0,
        1.0
    ],
    "y_ref": [
        0.0,
        -0.6881328695011131
    ],
    "curves": [
        {
            "type": "ellipse",
            "x_c": 0.44862724558347655,
            "y_c": -2.757736525973109,
            "a": -2.7939894688717155,
            "b": -1.2264416422504423,
            "theta": -1.4095295288133274,
            "t1": 0,
            "t2": -0.7961883638322926
        }
    ]
}