{
    "name": "Arc_Ellipse_10",
    "N": 1,
    "x_ref": [
        0.0,
        1.0
    ],
    "y_ref": [
        0.0,
        0.5480101523984247
    ],
    "curves": [
        {
            "type": "ellipse",
            "x_c": 3.4985767025440446,
            "y_c": -4.408337694773044,
            "a": -5.627919702229313,
            "b": -4.335740445716065,
            "theta": -0.8999533358792801,
            "t1": 0,
            "t2": -0.2622278515139209
        }
    ]
}