{
    "name": "Arc_Ellipse_39",
    "N": 1,
    "x_ref": [
        0.0,
        1.0
    ],
    "y_ref": [
        0.0,
        0.6769222559363166
    ],
    "curves": [
        {
            "type": "ellipse",
            "x_c": -0.45070380523378517,
            "y_c": 1.0783009404520856,
            "a": 1.1687030581940248,
            "b": 1.9537506306291648,
            "theta": -1.1748901667330391,
            "t1": 0,
            "t2": 0.65084603210027
        }
    ]
}