{
    "name": "Arc_Ellipse_98",
    "N": 1,
    "x_ref": [
        0.0,
        1.0
    ],
    "y_ref": [
        0.0,
        1.6532406015519971
    ],
    "curves": [
        {
            "type": "ellipse",
            "x_c": 0.6742292239634826,
            "y_c": 0.8246513532592182,
            "a": -1.0651924243434423,
            "b": -0.44960367473044877,
            "theta": 0.8854195891969883,
            "t1": 0,
            "t2": -2.4911223525432113
        }
    ]
}