{
    "name": "Arc_Ellipse_0",
    "N": 1,
    "x_ref": [
        0.0,
        1.0
    ],
    "y_ref": [
        0.0,
        -0.4619730395443642
    ],
    "curves": [
        {
            "type": "ellipse",
            "x_c": 0.3359371487798826,
            "y_c": 0.49972300762217303,
            "a": -0.6021435478997573,
            "b": -1.5449234690357385,
            "theta": 0.9789405575290986,
            "t1": 0,
            "t2": 0.7810290334837884
        }
    ]
}