{
    "name": "Arc_Ellipse_85",
    "N": 1,
    "x_ref": [
        0.0,
        1.0
    ],
    "y_ref": [
        0.0,
        0.3186438971620772
    ],
    "curves": [
        {
            "type": "ellipse",
            "x_c": -4.2144022707020685,
            "y_c": 16.836306927216235,
            "a": 17.35576035345983,
            "b": 11.996467324362513,
            "theta": -1.3255199796949755,
            "t1": 0,
            "t2": 0.0874240892744167
        }
    ]
}