{
    "name": "Arc_Ellipse_3",
    "N": 1,
    "x_ref": [
        0.0,
        1.0
    ],
    "y_ref": [
        0.0,
        -0.18566203467527964
    ],
    "curves": [
        {
            "type": "ellipse",
            "x_c": 0.48982704070686595,
            "y_c": -0.317955532199717,
            "a": -0.5839745287801952,
            "b": -0.4903131930845911,
            "theta": -0.5757549113877484,
            "t1": 0,
            "t2": -2.226143087218326
        }
    ]
}