{
    "name": "Arc_Ellipse_62",
    "N": 1,
    "x_ref": [
        0.0,
        1.0
    ],
    "y_ref": [
        0.0,
        -0.15088582531261968
    ],
    "curves": [
        {
            "type": "ellipse",
            "x_c": 0.6118829721190611,
            "y_c": -0.33849051671294167,
            "a": -0.6992686189683116,
            "b": -0.3766835334966784,
            "theta": -0.5052927709625934,
            "t1": 0,
            "t2": -1.9345704651316267
        }
    ]
}