{
    "name": "Arc_Ellipse_86",
    "N": 1,
    "x_ref": [
        0.0,
        1.0
    ],
    "y_ref": [
        0.0,
        -1.9572012333838054
    ],
    "curves": [
        {
            "type": "ellipse",
            "x_c": 1.6788655253192284,
            "y_c": -0.5393900815741526,
            "a": -1.763386262906111,
            "b": -1.5689567999438039,
            "theta": -0.3108658648666909,
            "t1": 0,
            "t2": 1.4499146239714982
        }
    ]
}