{
    "name": "Arc_Ellipse_38",
    "N": 1,
    "x_ref": [
        0.0,
        1.0
    ],
    "y_ref": [
        0.0,
        -1.0149263989516197
    ],
    "curves": [
        {
            "type": "ellipse",
            "x_c": 0.4337365542839467,
            "y_c": -0.5914362064796583,
            "a": -0.7334331495488597,
            "b": -0.5331997694183261,
            "theta": -0.9380291637500672,
            "t1": 0,
            "t2": -2.7445417031285704
        }
    ]
}