{
    "name": "Arc_Ellipse_15",
    "N": 1,
    "x_ref": [
        0.0,
        1.0
    ],
    "y_ref": [
        0.0,
        -0.5400959773662083
    ],
    "curves": [
        {
            "type": "ellipse",
            "x_c": 0.5683389379984454,
            "y_c": 0.15790081436804748,
            "a": -0.5898659302106651,
            "b": -0.8551888023856599,
            "theta": 0.27099403611634343,
            "t1": 0,
            "t2": 1.9696127655701865
        }
    ]
}