{
    "name": "Arc_Ellipse_34",
    "N": 1,
    "x_ref": [
        0.0,
        1.0
    ],
    "y_ref": [
        0.0,
        -7.559321698420701
    ],
    "curves": [
        {
            "type": "ellipse",
            "x_c": 3.0006040237946503,
            "y_c": -1.5103995400871126,
            "a": -3.3593051779062897,
            "b": -6.56047710804026,
            "theta": -0.4663361157534218,
            "t1": 0,
            "t2": 1.8521440905055009
        }
    ]
}