{
    "name": "Arc_Ellipse_92",
    "N": 1,
    "x_ref": [
        0.0,
        1.0
    ],
    "y_ref": [
        0.0,
        0.698385222424821
    ],
    "curves": [
        {
            "type": "ellipse",
            "x_c": 1.215558290829904,
            "y_c": -0.35218562344800036,
            "a": -1.265549948350034,
            "b": -1.032907645320189,
            "theta": -0.2820098065631036,
            "t1": 0,
            "t2": -1.1651491118734927
        }
    ]
}