{
    "name": "Arc_Ellipse_59",
    "N": 1,
    "x_ref": [
        0.0,
        1.0
    ],
    "y_ref": [
        0.0,
        -2.0088029341202844
    ],
    "curves": [
        {
            "type": "ellipse",
            "x_c": -0.05272550350800511,
            "y_c": -1.2746614556691749,
            "a": 1.2757514668966023,
            "b": 1.286592790963035,
            "theta": 1.5294555748065823,
            "t1": 0,
            "t2": -2.142258552568238
        }
    ]
}