{
    "name": "Arc_Ellipse_23",
    "N": 1,
    "x_ref": [
        0.0,
        1.0
    ],
    "y_ref": [
        0.0,
        -0.2202936349916887
    ],
    "curves": [
        {
            "type": "ellipse",
            "x_c": 0.6387054397709832,
            "y_c": -0.008719912942342044,
            "a": -0.6387649612140346,
            "b": -0.25149119549442206,
            "theta": -0.013651631395661834,
            "t1": 0,
            "t2": 2.177403365218048
        }
    ]
}