{
    "name": "Arc_Ellipse_50",
    "N": 1,
    "x_ref": [
        0.0,
        1.0
    ],
    "y_ref": [
        0.0,
        0.30768215797828624
    ],
    "curves": [
        {
            "type": "ellipse",
            "x_c": 0.7806299149044883,
            "y_c": -0.42779727291880415,
            "a": -0.890164912114915,
            "b": -0.7630002198969751,
            "theta": -0.5013183059207384,
            "t1": 0,
            "t2": -1.388836794777045
        }
    ]
}