{
    "name": "Arc_Ellipse_28",
    "N": 1,
    "x_ref": [
        0.0,
        1.0
    ],
    "y_ref": [
        0.0,
        -4.265902141803238
    ],
    "curves": [
        {
            "type": "ellipse",
            "x_c": -0.6670250824714589,
            "y_c": -3.1766108720260275,
            "a": 3.24588648799061,
            "b": 1.903170657350248,
            "theta": 1.3638231879367662,
            "t1": 0,
            "t2": -1.7955731240899637
        }
    ]
}