{
    "name": "Arc_Ellipse_45",
    "N": 1,
    "x_ref": [
        0.0,
        1.0
    ],
    "y_ref": [
        0.0,
        0.29307724600058316
    ],
    "curves": [
        {
            "type": "ellipse",
            "x_c": 0.49015510268108825,
            "y_c": 0.17461374597529253,
            "a": -0.5203287277941052,
            "b": -1.7669599264020721,
            "theta": 0.34222460280472045,
            "t1": 0,
            "t2": 3.1079116742366004
        }
    ]
}