{
    "name": "Arc_Ellipse_58",
    "N": 1,
    "x_ref": [
        0.0,
        1.0
    ],
    "y_ref": [
        0.0,
        -6.46107853635635
    ],
    "curves": [
        {
            "type": "ellipse",
            "x_c": 1.6944222908997348,
            "y_c": -2.536197938149856,
            "a": -3.0501421083899496,
            "b": -8.321525345893157,
            "theta": -0.9818052209737101,
            "t1": 0,
            "t2": 2.8038032120394405
        }
    ]
}