{
    "name": "Arc_Ellipse_51",
    "N": 1,
    "x_ref": [
        0.0,
        1.0
    ],
    "y_ref": [
        0.0,
        0.8787361507333258
    ],
    "curves": [
        {
            "type": "ellipse",
            "x_c": 1.9381312802407507,
            "y_c": -1.1756220471391343,
            "a": -2.266812753000843,
            "b": -2.2405958746966053,
            "theta": -0.5452400633695795,
            "t1": 0,
            "t2": -0.6026031922558541
        }
    ]
}