{
    "name": "Arc_Ellipse_25",
    "N": 1,
    "x_ref": [
        0.0,
        1.0
    ],
    "y_ref": [
        0.0,
        4.61307889941115
    ],
    "curves": [
        {
            "type": "ellipse",
            "x_c": 0.5765065787229413,
            "y_c": 2.299565544730458,
            "a": -2.3707301680752955,
            "b": -1.0767794791408543,
            "theta": 1.3251566997740878,
            "t1": 0,
            "t2": -3.0001344629821913
        }
    ]
}