{
    "name": "Arc_Ellipse_71",
    "N": 1,
    "x_ref": [
        0.0,
        1.0
    ],
    "y_ref": [
        0.0,
        4.233457195734719
    ],
    "curves": [
        {
            "type": "ellipse",
            "x_c": -54.966203516464276,
            "y_c": 25.831098963258786,
            "a": 60.73326273684824,
            "b": 24.879727890171925,
            "theta": -0.4393159337392427,
            "t1": 0,
            "t2": 0.1719402753386734
        }
    ]
}