{
    "name": "Arc_Ellipse_35",
    "N": 1,
    "x_ref": [
        0.0,
        1.0
    ],
    "y_ref": [
        0.0,
        -0.917448138938427
    ],
    "curves": [
        {
            "type": "ellipse",
            "x_c": 0.4977549098435443,
            "y_c": -0.4611875550895198,
            "a": -0.678567543611396,
            "b": -0.5240694312831716,
            "theta": -0.7472836288689635,
            "t1": 0,
            "t2": -3.1288728801970396
        }
    ]
}