{
    "name": "Arc_Ellipse_91",
    "N": 1,
    "x_ref": [
        0.0,
        1.0
    ],
    "y_ref": [
        0.0,
        1.0200280229148762
    ],
    "curves": [
        {
            "type": "ellipse",
            "x_c": -0.8030020336856787,
            "y_c": 7.885072849433795,
            "a": 7.925855544165647,
            "b": 2.356301889308928,
            "theta": -1.469307956300945,
            "t1": 0,
            "t2": 0.4848417959598854
        }
    ]
}