{
    "name": "Arc_Ellipse_5",
    "N": 1,
    "x_ref": [
        0.0,
        1.0
    ],
    "y_ref": [
        0.0,
        0.05686930197071166
    ],
    "curves": [
        {
            "type": "ellipse",
            "x_c": 0.5237671602847606,
            "y_c": 0.21192316166720643,
            "a": -0.5650163401564481,
            "b": -0.43876563628685644,
            "theta": 0.3844770266178328,
            "t1": 0,
            "t2": 2.3163826149630182
        }
    ]
}