{
    "name": "Arc_Ellipse_87",
    "N": 1,
    "x_ref": [
        0.0,
        1.0
    ],
    "y_ref": [
        0.0,
        71.18736436959158
    ],
    "curves": [
        {
            "type": "ellipse",
            "x_c": 20.63999311533677,
            "y_c": 1.6483722617946583,
            "a": -20.705710490456568,
            "b": -96.44853958221938,
            "theta": 0.0796938791228119,
            "t1": 0,
            "t2": -0.8255464767408989
        }
    ]
}