{
    "name": "Arc_Ellipse_16",
    "N": 1,
    "x_ref": [
        0.0,
        1.0
    ],
    "y_ref": [
        0.0,
        -0.9230814052104039
    ],
    "curves": [
        {
            "type": "ellipse",
            "x_c": 0.7814207645385618,
            "y_c": -0.275391365571299,
            "a": -0.8285281018066045,
            "b": -0.6251222237688789,
            "theta": -0.3388325755234498,
            "t1": 0,
            "t2": 2.104418016334976
        }
    ]
}