{
    "name": "Arc_Ellipse_26",
    "N": 1,
    "x_ref": [
        0.0,
        1.0
    ],
    "y_ref": [
        0.0,
        0.33711332595703847
    ],
    "curves": [
        {
            "type": "ellipse",
            "x_c": -0.17046659533856023,
            "y_c": 0.8031361087985417,
            "a": 0.8210276909960976,
            "b": 1.9973864518831497,
            "theta": -1.3616490053665902,
            "t1": 0,
            "t2": 0.5524644657367785
        }
    ]
}