{
    "name": "Arc_Ellipse_77",
    "N": 1,
    "x_ref": [
        0.0,
        1.0
    ],
    "y_ref": [
        0.0,
        -0.3239105997282299
    ],
    "curves": [
        {
            "type": "ellipse",
            "x_c": 0.15598987928036082,
            "y_c": 0.28517648044157273,
            "a": -0.3250514842835582,
            "b": -1.1257154878709492,
            "theta": 1.0702637645042135,
            "t1": 0,
            "t2": 1.1615823277555313
        }
    ]
}