{
    "name": "Arc_Ellipse_48",
    "N": 1,
    "x_ref": [
        0.0,
        1.0
    ],
    "y_ref": [
        0.0,
        -0.25813363443340387
    ],
    "curves": [
        {
            "type": "ellipse",
            "x_c": 0.5034985959293612,
            "y_c": -0.11984100860274395,
            "a": -0.5175642022452491,
            "b": -0.19799024718779393,
            "theta": -0.23366873146926004,
            "t1": 0,
            "t2": 3.042585950412997
        }
    ]
}