{
    "name": "Arc_Ellipse_66",
    "N": 1,
    "x_ref": [
        0.0,
        1.0
    ],
    "y_ref": [
        0.0,
        -14.831426943809603
    ],
    "curves": [
        {
            "type": "ellipse",
            "x_c": -3.9984764879866788,
            "y_c": -9.935773836545222,
            "a": 10.710154805415225,
            "b": 6.676478386811822,
            "theta": 1.1881948847917845,
            "t1": 0,
            "t2": -1.8232871240911968
        }
    ]
}