{
    "name": "Arc_Ellipse_95",
    "N": 1,
    "x_ref": [
        0.0,
        1.0
    ],
    "y_ref": [
        0.0,
        18.88825805071326
    ],
    "curves": [
        {
            "type": "ellipse",
            "x_c": 68.85895152327247,
            "y_c": 12.600268656572398,
            "a": -70.00229978437984,
            "b": -52.826227985360184,
            "theta": 0.1809843410685561,
            "t1": 0,
            "t2": -0.3557646624680899
        }
    ]
}