{
    "name": "Arc_Ellipse_52",
    "N": 1,
    "x_ref": [
        0.0,
        1.0
    ],
    "y_ref": [
        0.0,
        -3.647812542937354
    ],
    "curves": [
        {
            "type": "ellipse",
            "x_c": 10.031414868571167,
            "y_c": 2.1206177975160037,
            "a": -10.253111923144715,
            "b": -18.16614822626758,
            "theta": 0.20833045980451703,
            "t1": 0,
            "t2": 0.20937255072553507
        }
    ]
}