{
    "name": "Arc_Ellipse_72",
    "N": 1,
    "x_ref": [
        0.0,
        1.0
    ],
    "y_ref": [
        0.0,
        -0.2025656767995228
    ],
    "curves": [
        {
            "type": "ellipse",
            "x_c": 0.6613571367163618,
            "y_c": 1.1786403741592566,
            "a": -1.351512631788522,
            "b": -1.5182685525849635,
            "theta": 1.0594567934170716,
            "t1": 0,
            "t2": 0.6940891122959605
        }
    ]
}