{
    "name": "Arc_Ellipse_68",
    "N": 1,
    "x_ref": [
        0.0,
        1.0
    ],
    "y_ref": [
        0.0,
        -1.3535129720562997
    ],
    "curves": [
        {
            "type": "ellipse",
            "x_c": -7.155175532803021,
            "y_c": -7.530148037103634,
            "a": 10.387476419512042,
            "b": 7.034660069808228,
            "theta": 0.8109264429289,
            "t1": 0,
            "t2": -0.23782071573726515
        }
    ]
}