{
    "name": "Arc_Ellipse_2",
    "N": 1,
    "x_ref": [
        0.0,
        1.0
    ],
    "y_ref": [
        0.0,
        -0.8135929443902702
    ],
    "curves": [
        {
            "type": "ellipse",
            "x_c": -0.12576256591296198,
            "y_c": -0.8396866689092181,
            "a": 0.8490523687787879,
            "b": 1.1391613875578503,
            "theta": 1.4221281882664734,
            "t1": 0,
            "t2": -1.3420176236560417
        }
    ]
}