{
    "name": "Arc_Ellipse_55",
    "N": 1,
    "x_ref": [
        0.0,
        1.0
    ],
    "y_ref": [
        0.0,
        0.3025696640026244
    ],
    "curves": [
        {
            "type": "ellipse",
            "x_c": 0.4683092104489518,
            "y_c": 0.32239911587248843,
            "a": -0.5685549283109617,
            "b": -0.48092414810327944,
            "theta": 0.6029200415299245,
            "t1": 0,
            "t2": 2.419614841008002
        }
    ]
}