{
    "name": "Arc_Ellipse_21",
    "N": 1,
    "x_ref": [
        0.0,
        1.0
    ],
    "y_ref": [
        0.0,
        0.7052361782035353
    ],
    "curves": [
        {
            "type": "ellipse",
            "x_c": 0.5552361198791441,
            "y_c": 0.2564043177092534,
            "a": -0.6115801852238144,
            "b": -0.8796297589533865,
            "theta": 0.43261783802369536,
            "t1": 0,
            "t2": -2.88761198248518
        }
    ]
}