{
    "name": "Arc_Ellipse_73",
    "N": 1,
    "x_ref": [
        0.0,
        1.0
    ],
    "y_ref": [
        0.0,
        -1.089814834538321
    ],
    "curves": [
        {
            "type": "ellipse",
            "x_c": -2.0063597514852773,
            "y_c": -1.9530293325827943,
            "a": 2.79996482590565,
            "b": 8.410393860548412,
            "theta": 0.771929622420501,
            "t1": 0,
            "t2": -0.17670584246733823
        }
    ]
}