{
    "name": "Arc_Ellipse_27",
    "N": 1,
    "x_ref": [
        0.0,
        1.0
    ],
    "y_ref": [
        0.0,
        1.8841070744503075
    ],
    "curves": [
        {
            "type": "ellipse",
            "x_c": 2.4136167874680594,
            "y_c": -0.5227067084574814,
            "a": -2.469568444043228,
            "b": -3.192141664592613,
            "theta": -0.21327224008043855,
            "t1": 0,
            "t2": -0.6986265908567604
        }
    ]
}