{
    "name": "Arc_Ellipse_30",
    "N": 1,
    "x_ref": [
        0.0,
        1.0
    ],
    "y_ref": [
        0.0,
        -0.6871456921616114
    ],
    "curves": [
        {
            "type": "ellipse",
            "x_c": 4.688838953994093,
            "y_c": 3.852291191814229,
            "a": -6.068390079998311,
            "b": -3.550306695374317,
            "theta": 0.6877661098794112,
            "t1": 0,
            "t2": 0.3345572816542748
        }
    ]
}