{
    "name": "Arc_Ellipse_18",
    "N": 1,
    "x_ref": [
        0.0,
        1.0
    ],
    "y_ref": [
        0.0,
        -1.9238995646072157
    ],
    "curves": [
        {
            "type": "ellipse",
            "x_c": -0.8087885761836328,
            "y_c": -0.6998179999626252,
            "a": 1.0695252189812248,
            "b": 2.487330271806268,
            "theta": 0.7132907967205195,
            "t1": 0,
            "t2": -1.0121600893506688
        }
    ]
}