{
    "name": "Arc_Ellipse_40",
    "N": 1,
    "x_ref": [
        0.0,
        1.0
    ],
    "y_ref": [
        0.0,
        -1.813534080639238
    ],
    "curves": [
        {
            "type": "ellipse",
            "x_c": 0.31075006978376846,
            "y_c": -1.0208565382907275,
            "a": -1.0671052795490916,
            "b": -0.9772815080559211,
            "theta": -1.2753065385930755,
            "t1": 0,
            "t2": -2.6876577094925214
        }
    ]
}