{
    "name": "Arc_Ellipse_81",
    "N": 1,
    "x_ref": [
        0.0,
        1.0
    ],
    "y_ref": [
        0.0,
        0.9452020229999901
    ],
    "curves": [
        {
            "type": "ellipse",
            "x_c": 0.4363207268213233,
            "y_c": 0.5742732741716013,
            "a": -0.7212250481518644,
            "b": -0.47686912425856726,
            "theta": 0.9210660305654899,
            "t1": 0,
            "t2": 2.65159364557364
        }
    ]
}