{
    "name": "Arc_Ellipse_69",
    "N": 1,
    "x_ref": [
        0.0,
        1.0
    ],
    "y_ref": [
        0.0,
        4.762548809524535
    ],
    "curves": [
        {
            "type": "ellipse",
            "x_c": 3.470379987953162,
            "y_c": -0.487715816471454,
            "a": -3.5044834110639194,
            "b": -11.503354396794611,
            "theta": -0.13962230396943442,
            "t1": 0,
            "t2": -0.43574193802451155
        }
    ]
}