{
    "name": "Arc_Ellipse_56",
    "N": 1,
    "x_ref": [
        0.0,
        1.0
    ],
    "y_ref": [
        0.0,
        0.9879134581727963
    ],
    "curves": [
        {
            "type": "ellipse",
            "x_c": -2.1718474950126003,
            "y_c": 4.111996009345775,
            "a": 4.65031533580983,
            "b": 3.290901174416354,
            "theta": -1.0848647428357565,
            "t1": 0,
            "t2": 0.42124112357977106
        }
    ]
}