{
    "name": "Arc_Ellipse_61",
    "N": 1,
    "x_ref": [
        0.0,
        1.0
    ],
    "y_ref": [
        0.0,
        -0.6571185805516402
    ],
    "curves": [
        {
            "type": "ellipse",
            "x_c": 0.2023820230438718,
            "y_c": -0.7356857234930511,
            "a": -0.7630150503121313,
            "b": -0.8027053772702241,
            "theta": -1.3023436182828299,
            "t1": 0,
            "t2": -1.7497371059613112
        }
    ]
}