{
    "name": "Arc_Ellipse_60",
    "N": 1,
    "x_ref": [
        0.0,
        1.0
    ],
    "y_ref": [
        0.0,
        -0.4260511786028067
    ],
    "curves": [
        {
            "type": "ellipse",
            "x_c": 1.1400563588193637,
            "y_c": -1.640701934124841,
            "a": -1.9979067390460097,
            "b": -0.6864631051804789,
            "theta": -0.9635290979170942,
            "t1": 0,
            "t2": -1.001230780526352
        }
    ]
}