{
    "name": "Arc_Ellipse_53",
    "N": 1,
    "x_ref": [
        0.0,
        1.0
    ],
    "y_ref": [
        0.0,
        -1.4399430425036202
    ],
    "curves": [
        {
            "type": "ellipse",
            "x_c": -0.5489460873092746,
            "y_c": -1.1033558845256548,
            "a": 1.2323700802476307,
            "b": 1.6193379776627328,
            "theta": 1.1091314395368763,
            "t1": 0,
            "t2": -1.2499853983617668
        }
    ]
}