{
    "name": "Arc_Ellipse_20",
    "N": 1,
    "x_ref": [
        0.0,
        1.0
    ],
    "y_ref": [
        0.0,
        2.4453491418268256
    ],
    "curves": [
        {
            "type": "ellipse",
            "x_c": 67.3419272529446,
            "y_c": -25.133518289190846,
            "a": -71.87926618805992,
            "b": -55.35690715562389,
            "theta": -0.3572113500036911,
            "t1": 0,
            "t2": -0.04772039191471178
        }
    ]
}