{
    "name": "Arc_Ellipse_17",
    "N": 1,
    "x_ref": [
        0.0,
        1.0
    ],
    "y_ref": [
        0.0,
        1.068402492516965
    ],
    "curves": [
        {
            "type": "ellipse",
            "x_c": 0.621719166014324,
            "y_c": 0.38751779369094586,
            "a": -0.7326013662399525,
            "b": -1.0264178792885006,
            "theta": 0.557376184442834,
            "t1": 0,
            "t2": -2.7647225890552294
        }
    ]
}