{
    "name": "Arc_Ellipse_13",
    "N": 1,
    "x_ref": [
        0.0,
        1.0
    ],
    "y_ref": [
        0.0,
        0.6105659595551697
    ],
    "curves": [
        {
            "type": "ellipse",
            "x_c": 0.6170009510561375,
            "y_c": 0.0661690835291712,
            "a": -0.6205388958149751,
            "b": -0.7078737434188996,
            "theta": 0.10683475887681926,
            "t1": 0,
            "t2": -2.3563724714614422
        }
    ]
}