{
    "name": "Arc_Ellipse_97",
    "N": 1,
    "x_ref": [
        0.0,
        1.0
    ],
    "y_ref": [
        0.0,
        0.8121458327144897
    ],
    "curves": [
        {
            "type": "ellipse",
            "x_c": 1.1619262602153884,
            "y_c": 0.06386691088994066,
            "a": -1.1636802037006309,
            "b": -0.7601322759401964,
            "theta": 0.05491114964244259,
            "t1": 0,
            "t2": -1.466961098275079
        }
    ]
}