{
    "name": "Arc_Ellipse_6",
    "N": 1,
    "x_ref": [
        0.0,
        1.0
    ],
    "y_ref": [
        0.0,
        0.5922523471843917
    ],
    "curves": [
        {
            "type": "ellipse",
            "x_c": 0.696827866427856,
            "y_c": -0.5953224053306925,
            "a": -0.916503050578185,
            "b": -1.3624242377011542,
            "theta": -0.7070036936504357,
            "t1": 0,
            "t2": -0.9395249357605469
        }
    ]
}