{
    "name": "Arc_Ellipse_41",
    "N": 1,
    "x_ref": [
        0.0,
        1.0
    ],
    "y_ref": [
        0.0,
        -0.4634742470699317
    ],
    "curves": [
        {
            "type": "ellipse",
            "x_c": -0.3675490053081883,
            "y_c": -2.228791520513483,
            "a": 2.2588944006340452,
            "b": 2.15094257717071,
            "theta": 1.407357762620809,
            "t1": 0,
            "t2": -0.5164280845337732
        }
    ]
}