{
    "name": "Arc_Ellipse_79",
    "N": 1,
    "x_ref": [
        0.0,
        1.0
    ],
    "y_ref": [
        0.0,
        -0.5242946105148512
    ],
    "curves": [
        {
            "type": "ellipse",
            "x_c": 0.7544933729627109,
            "y_c": 0.09827574377714497,
            "a": -0.7608668554087499,
            "b": -0.6645002243537065,
            "theta": 0.12952472772153123,
            "t1": 0,
            "t2": 1.7867490827548291
        }
    ]
}