{
    "name": "Arc_Ellipse_12",
    "N": 1,
    "x_ref": [
        0.0,
        1.0
    ],
    "y_ref": [
        0.0,
        0.3902204307180838
    ],
    "curves": [
        {
            "type": "ellipse",
            "x_c": 0.9488603467560515,
            "y_c": 0.003590938194943229,
            "a": -0.9488671416395101,
            "b": -0.3870283684081543,
            "theta": 0.003784456863360708,
            "t1": 0,
            "t2": -1.6262618865497431
        }
    ]
}