{
    "name": "Arc_Ellipse_19",
    "N": 1,
    "x_ref": [
        0.0,
        1.0
    ],
    "y_ref": [
        0.0,
        -0.18374896070156255
    ],
    "curves": [
        {
            "type": "ellipse",
            "x_c": 0.37675786837193176,
            "y_c": 0.2140002852809113,
            "a": -0.4332927572444216,
            "b": -1.083049779393456,
            "theta": 0.5165613261276589,
            "t1": 0,
            "t2": 2.49365559741746
        }
    ]
}