{
    "name": "Arc_Ellipse_33",
    "N": 1,
    "x_ref": [
        0.0,
        1.0
    ],
    "y_ref": [
        0.0,
        -0.30750059691687465
    ],
    "curves": [
        {
            "type": "ellipse",
            "x_c": 0.6144799946145502,
            "y_c": -0.5898105381273676,
            "a": -0.8517406498856284,
            "b": -0.4728641787003195,
            "theta": -0.7649163892055237,
            "t1": 0,
            "t2": -1.6679700348141955
        }
    ]
}