{
    "name": "Arc_Ellipse_80",
    "N": 1,
    "x_ref": [
        0.0,
        1.0
    ],
    "y_ref": [
        0.0,
        -0.5921017945885462
    ],
    "curves": [
        {
            "type": "ellipse",
            "x_c": 1.020435441372653,
            "y_c": -0.08781984131034047,
            "a": -1.0242074079683152,
            "b": -0.5043028359023173,
            "theta": -0.08584961187936391,
            "t1": 0,
            "t2": 1.593136501776229
        }
    ]
}