{
    "name": "Arc_Ellipse_42",
    "N": 1,
    "x_ref": [
        0.0,
        1.0
    ],
    "y_ref": [
        0.0,
        14.941022138741973
    ],
    "curves": [
        {
            "type": "ellipse",
            "x_c": -28.03122396494632,
            "y_c": 11.559973254507652,
            "a": 30.32132085872766,
            "b": 26.358116101085105,
            "theta": -0.3911469615520422,
            "t1": 0,
            "t2": 0.5686544103272735
        }
    ]
}