{
    "name": "Arc_Ellipse_14",
    "N": 1,
    "x_ref": [
        0.0,
        1.0
    ],
    "y_ref": [
        0.0,
        1.248972716640081
    ],
    "curves": [
        {
            "type": "ellipse",
            "x_c": 0.6801627997237202,
            "y_c": 0.4449584270332199,
            "a": -0.8127788357947608,
            "b": -1.0125939039238474,
            "theta": 0.579317907646892,
            "t1": 0,
            "t2": -2.6277331558899792
        }
    ]
}