{
    "name": "Arc_Ellipse_96",
    "N": 1,
    "x_ref": [
        0.0,
        1.0
    ],
    "y_ref": [
        0.0,
        1.0475397466168108
    ],
    "curves": [
        {
            "type": "ellipse",
            "x_c": -0.17149145626241102,
            "y_c": 1.1948796804685964,
            "a": 1.2071233451340992,
            "b": 1.1788042817459938,
            "theta": -1.4282478264203329,
            "t1": 0,
            "t2": 1.3091270023253445
        }
    ]
}