{
    "name": "Arc_Ellipse_31",
    "N": 1,
    "x_ref": [
        0.0,
        1.0
    ],
    "y_ref": [
        0.0,
        1.0778981298237253
    ],
    "curves": [
        {
            "type": "ellipse",
            "x_c": 0.30221979359630663,
            "y_c": 0.6851382216613496,
            "a": -0.7488332166929235,
            "b": -0.928178113546395,
            "theta": 1.155361739221433,
            "t1": 0,
            "t2": 2.598191482320078
        }
    ]
}