{
    "name": "Arc_Ellipse_75",
    "N": 1,
    "x_ref": [
        0.0,
        1.0
    ],
    "y_ref": [
        0.0,
        0.22611798196605593
    ],
    "curves": [
        {
            "type": "ellipse",
            "x_c": 0.4472546538229921,
            "y_c": 0.6390005317982669,
            "a": -0.7799733360857872,
            "b": -0.6898555111116981,
            "theta": 0.9601183819984622,
            "t1": 0,
            "t2": 1.5434829762168647
        }
    ]
}