{
    "name": "Arc_Ellipse_82",
    "N": 1,
    "x_ref": [
        0.0,
        1.0
    ],
    "y_ref": [
        0.0,
        0.38080929088613563
    ],
    "curves": [
        {
            "type": "ellipse",
            "x_c": 0.0859866146159104,
            "y_c": 0.9084209457404864,
            "a": -0.9124814039492228,
            "b": -1.0947797582876555,
            "theta": 1.4764224733959521,
            "t1": 0,
            "t2": 1.0687147093855698
        }
    ]
}