{
    "name": "Arc_Ellipse_36",
    "N": 1,
    "x_ref": [
        0.0,
        1.0
    ],
    "y_ref": [
        0.0,
        -0.11606206151675202
    ],
    "curves": [
        {
            "type": "ellipse",
            "x_c": 0.5085784501111521,
            "y_c": -0.3614390744204021,
            "a": -0.6239312818214346,
            "b": -0.5325116985566019,
            "theta": -0.617861164529369,
            "t1": 0,
            "t2": -1.9978418104686575
        }
    ]
}