{
    "name": "Arc_Ellipse_76",
    "N": 1,
    "x_ref": [
        0.0,
        1.0
    ],
    "y_ref": [
        0.0,
        -1.033227678023532
    ],
    "curves": [
        {
            "type": "ellipse",
            "x_c": 0.19483441103128324,
            "y_c": -2.071269256124263,
            "a": -2.0804126463486674,
            "b": -1.0126093536784895,
            "theta": -1.4770070750368873,
            "t1": 0,
            "t2": -1.0922140194974732
        }
    ]
}