{
    "name": "Arc_Ellipse_7",
    "N": 1,
    "x_ref": [
        0.0,
        1.0
    ],
    "y_ref": [
        0.0,
        -0.2943750637060009
    ],
    "curves": [
        {
            "type": "ellipse",
            "x_c": 0.6189633508941674,
            "y_c": -0.02812978720233661,
            "a": -0.6196022229448382,
            "b": -0.3215053424875023,
            "theta": -0.045415362244479285,
            "t1": 0,
            "t2": 2.257309516188193
        }
    ]
}