{
    "name": "Arc_Ellipse_99",
    "N": 1,
    "x_ref": [
        0.0,
        1.0
    ],
    "y_ref": [
        0.0,
        -0.044385710569533
    ],
    "curves": [
        {
            "type": "ellipse",
            "x_c": 0.10218445175802052,
            "y_c": 0.26162570585436523,
            "a": -0.28087305343318725,
            "b": -0.9581853806613516,
            "theta": 1.1984412890386884,
            "t1": 0,
            "t2": 1.7194274515165802
        }
    ]
}