{
    "name": "Arc_Ellipse_29",
    "N": 1,
    "x_ref": [
        0.0,
        1.0
    ],
    "y_ref": [
        0.0,
        2.0115157123718532
    ],
    "curves": [
        {
            "type": "ellipse",
            "x_c": -7.099459112599386,
            "y_c": 5.178984881958168,
            "a": 8.78773031556054,
            "b": 7.6363916048125855,
            "theta": -0.630245015411919,
            "t1": 0,
            "t2": 0.2942075134128448
        }
    ]
}