{
    "name": "Arc_Ellipse_64",
    "N": 1,
    "x_ref": [
        0.0,
        1.0
    ],
    "y_ref": [
        0.0,
        -0.6371744214473583
    ],
    "curves": [
        {
            "type": "ellipse",
            "x_c": 0.7283525328822692,
            "y_c": 0.6594935689801666,
            "a": -0.9825625576431328,
            "b": -1.5612375674307744,
            "theta": 0.7358231108527353,
            "t1": 0,
            "t2": 0.8219068451193379
        }
    ]
}