{
    "name": "Arc_Ellipse_88",
    "N": 1,
    "x_ref": [
        0.0,
        1.0
    ],
    "y_ref": [
        0.0,
        1.195333905990851
    ],
    "curves": [
        {
            "type": "ellipse",
            "x_c": -0.6019107456591042,
            "y_c": 1.274493028571126,
            "a": 1.4094782813567224,
            "b": 1.6759084859778204,
            "theta": -1.1295739809972125,
            "t1": 0,
            "t2": 1.0049483403883483
        }
    ]
}