{
    "name": "Arc_Ellipse_9",
    "N": 1,
    "x_ref": [
        0.0,
        1.0
    ],
    "y_ref": [
        0.0,
        -1.6042389989843933
    ],
    "curves": [
        {
            "type": "ellipse",
            "x_c": 0.7192367539864238,
            "y_c": 0.173890766629962,
            "a": -0.7399591252252272,
            "b": -1.8297684146349582,
            "theta": 0.2372190855902505,
            "t1": 0,
            "t2": 1.373617242235719
        }
    ]
}