{
    "name": "Arc_Ellipse_44",
    "N": 1,
    "x_ref": [
        0.0,
        1.0
    ],
    "y_ref": [
        0.0,
        1.3597650853891814
    ],
    "curves": [
        {
            "type": "ellipse",
            "x_c": 0.26499255731458843,
            "y_c": 0.7919269147456828,
            "a": -0.8350863989616532,
            "b": -1.3526609974405428,
            "theta": 1.247890521457515,
            "t1": 0,
            "t2": 2.749540888062909
        }
    ]
}