{
    "name": "Arc_Ellipse_43",
    "N": 1,
    "x_ref": [
        0.0,
        1.0
    ],
    "y_ref": [
        0.0,
        -20.647571625165053
    ],
    "curves": [
        {
            "type": "ellipse",
            "x_c": -9.808108158243046,
            "y_c": -11.643114490732316,
            "a": 15.223701937705384,
            "b": 14.067501246446204,
            "theta": 0.870733621454582,
            "t1": 0,
            "t2": -1.5657602211275283
        }
    ]
}