{
    "name": "Arc_Ellipse_93",
    "N": 1,
    "x_ref": [
        0.0,
        1.0
    ],
    "y_ref": [
        0.0,
        1.7419882227336951
    ],
    "curves": [
        {
            "type": "ellipse",
            "x_c": 0.7921540671823766,
            "y_c": 0.8742898067311533,
            "a": -1.1797841888699723,
            "b": -0.5727107703521924,
            "theta": 0.8346463418388321,
            "t1": 0,
            "t2": -2.2960399673991545
        }
    ]
}