{
    "name": "Arc_Ellipse_11",
    "N": 1,
    "x_ref": [
        0.0,
        1.0
    ],
    "y_ref": [
        0.0,
        -0.27418836190816454
    ],
    "curves": [
        {
            "type": "ellipse",
            "x_c": 0.3700863864885687,
            "y_c": -0.8198836814139369,
            "a": -0.8995405407834802,
            "b": -0.8282099654251456,
            "theta": -1.1467879974700397,
            "t1": 0,
            "t2": -1.302780365746816
        }
    ]
}