{
    "name": "Arc_Ellipse_89",
    "N": 1,
    "x_ref": [
        0.0,
        1.0
    ],
    "y_ref": [
        0.0,
        -0.4495109050076368
    ],
    "curves": [
        {
            "type": "ellipse",
            "x_c": 0.31280212943991537,
            "y_c": -0.5262162470580342,
            "a": -0.612167224580006,
            "b": -0.7118875382494505,
            "theta": -1.0344776985431978,
            "t1": 0,
            "t2": -2.0554415764479863
        }
    ]
}