{
    "name": "Arc_Ellipse_4",
    "N": 1,
    "x_ref": [
        0.0,
        1.0
    ],
    "y_ref": [
        0.0,
        27.384626254581747
    ],
    "curves": [
        {
            "type": "ellipse",
            "x_c": -9.904895347873914,
            "y_c": 10.838730667247999,
            "a": 14.682814251003673,
            "b": 20.358058826411405,
            "theta": -0.8303857293672099,
            "t1": 0,
            "t2": 1.907992375972075
        }
    ]
}