{
    "name": "Arc_Ellipse_57",
    "N": 1,
    "x_ref": [
        0.0,
        1.0
    ],
    "y_ref": [
        0.0,
        2.3462740959509385
    ],
    "curves": [
        {
            "type": "ellipse",
            "x_c": -0.6944483101596305,
            "y_c": 1.2155222405103197,
            "a": 1.3999117017365037,
            "b": 2.0426164702823706,
            "theta": -1.0517344543615428,
            "t1": 0,
            "t2": 1.6718725331968995
        }
    ]
}