{
    "name": "Arc_Ellipse_63",
    "N": 1,
    "x_ref": [
        0.0,
        1.0
    ],
    "y_ref": [
        0.0,
        3.2880337467026477
    ],
    "curves": [
        {
            "type": "ellipse",
            "x_c": 3.643433123533163,
            "y_c": -0.6825444752733204,
            "a": -3.7068142503212584,
            "b": -7.769692073100673,
            "theta": -0.185189061052218,
            "t1": 0,
            "t2": -0.4552090122329613
        }
    ]
}