{
    "name": "Arc_Ellipse_83",
    "N": 1,
    "x_ref": [
        0.0,
        1.0
    ],
    "y_ref": [
        0.0,
        0.2093261828402634
    ],
    "curves": [
        {
            "type": "ellipse",
            "x_c": 0.5984412091156986,
            "y_c": 0.2966673945734191,
            "a": -0.6679396857283149,
            "b": -0.2926087841942335,
            "theta": 0.4602286402940643,
            "t1": 0,
            "t2": 2.07208784699138
        }
    ]
}