{
    "name": "Arc_Ellipse_84",
    "N": 1,
    "x_ref": [
        0.0,
        1.0
    ],
    "y_ref": [
        0.0,
        -1.1188838390677387
    ],
    "curves": [
        {
            "type": "ellipse",
            "x_c": 0.5277574907062736,
            "y_c": -0.5422245309383689,
            "a": -0.7566606973722876,
            "b": -0.3326775126738651,
            "theta": -0.798918165088885,
            "t1": 0,
            "t2": 2.9486205301695847
        }
    ]
}