{
    "name": "Arc_Ellipse_22",
    "N": 1,
    "x_ref": [
        0.0,
        1.0
    ],
    "y_ref": [
        0.0,
        0.24772392481322503
    ],
    "curves": [
        {
            "type": "ellipse",
            "x_c": 0.14927553907257393,
            "y_c": 0.575813210630113,
            "a": -0.5948479134212094,
            "b": -0.9200340406153035,
            "theta": 1.317137474219252,
            "t1": 0,
            "t2": 1.3948817019674005
        }
    ]
}