{
    "name": "Arc_Ellipse_94",
    "N": 1,
    "x_ref": [
        0.0,
        1.0
    ],
    "y_ref": [
        0.0,
        0.15368041655055373
    ],
    "curves": [
        {
            "type": "ellipse",
            "x_c": 0.006000772927459185,
            "y_c": 0.335113294053747,
            "a": -0.3351670167651943,
            "b": -1.14244487940209,
            "theta": 1.5528915412345112,
            "t1": 0,
            "t2": 1.0608425026594697
        }
    ]
}