{
    "name": "Arc_Ellipse_24",
    "N": 1,
    "x_ref": [
        0.0,
        1.0
    ],
    "y_ref": [
        0.0,
        2.967984027494701
    ],
    "curves": [
        {
            "type": "ellipse",
            "x_c": -0.06843310374856237,
            "y_c": 1.728908342288057,
            "a": 1.7302621609807856,
            "b": 1.5449942201371825,
            "theta": -1.5312352943424927,
            "t1": 0,
            "t2": 2.3338579711796497
        }
    ]
}