{
    "name": "Arc_Ellipse_70",
    "N": 1,
    "x_ref": [
        0.0,
        1.0
    ],
    "y_ref": [
        0.0,
        -0.9131207023746315
    ],
    "curves": [
        {
            "type": "ellipse",
            "x_c": 1.4249558873614785,
            "y_c": 0.5580145351029545,
            "a": -1.530320065317156,
            "b": -1.5318500708695115,
            "theta": 0.3732451906056289,
            "t1": 0,
            "t2": 0.9158605643661284
        }
    ]
}